-140.964354950724,29.53833434295,105.089712222034,-15.0032682708603,25.3758845838614,21.4773229563107,54.331004129421,161.394913895999,-40.7153323756718,-473.814273582286,-1.44245753849066,130.806019011075,193.736618811174,123.606582578765,94.2275032806669,-37.8080991558635
138.06326965678,-259.13601078126,72.720600071402,-30.0519060934988,23.9015009745741,19.5213600262751,64.1815665750972,98.7416444699881,133.467594918508,-373.089408382244,-136.641777744191,98.8385229619461,126.751946252442,80.2349415022116,72.4120614601963,63.5056996120546
323.744628043559,-334.814361494566,-101.046531808221,-9.26454477806595,44.9143402442465,28.9352531854234,41.0861593629715,-53.8516540279393,168.65627752556,-181.364867759917,-46.3297272196097,61.3439742952981,58.3141188529457,24.6861136790395,-5.74178122528335,119.113375242012
312.818615517394,-231.804140158084,-182.454560814346,29.2135305848346,44.1244194614848,18.6478240183112,-13.742445129496,-223.769405679625,-31.1967114832614,71.3567273925293,195.458197464191,108.591806224962,60.3939015380947,-2.3263434157892,-85.1483245096662,69.8924533600934
114.794482647151,-76.280224617694,-131.768285152077,89.0459239953576,44.1824438093683,13.3221654827682,-27.7697871650714,-182.019450197188,-161.511415798317,179.432088705504,202.996354474818,59.4156351976372,17.4596496966737,-28.1530781708553,-91.4390898792366,30.3667940515105
-53.958559401828,30.797360548334,-33.255055213356,74.0563818790678,38.274276298388,18.3249311171438,-22.8641949442276,-41.9837074804223,-169.087138421158,153.321006899859,129.860700752338,-45.3667100923401,-51.5288792349517,-43.2453519575739,-33.6180712620191,18.7138660334475
-95.4580910590218,19.4825563228498,53.6475447023519,14.6686590972047,49.9967718972581,43.4212553662917,5.50927207902444,-8.07215381870034,-107.852842544476,-37.6412210112755,54.1718737929786,10.3869301278155,8.21136482338574,8.27177499060737,18.9170531576472,-12.9989286382388
-60.9532390642552,-5.81487312156071,100.190642454314,-15.8093803219902,5.78523119369101,6.64278394252797,13.4117784082912,-9.32461394873023,134.724759352864,30.8645250688591,-126.964022177424,-77.0004143869241,-71.855201285365,-45.98233569273,-14.0595990846435,-151.033097528561
-36.8755118245557,12.2639578385245,147.532931136424,-28.7490620954654,-67.9276235582873,-51.9951067966487,-15.1767834758989,-68.8354498103074,373.834939151654,286.748127076887,-314.3886489595,-243.916169362168,-201.339606445011,-119.152288570017,-75.0791065253609,-183.525989169362
-97.6456683846839,159.136756655236,139.870373181258,-54.1697950062939,-130.331276269336,-85.1234662872807,-53.6026296778494,-51.4410533084027,499.969173670594,200.970474679929,-330.121568947067,-310.428319088524,-195.299506957562,-91.6877728560042,-34.5781045861041,61.3353704198997
-195.417567453671,347.715276722101,98.9202138052052,-73.1383079885017,-168.269499309688,-102.492432763843,-81.267013669732,-7.94077724955073,368.799376087064,132.426377579092,-153.489081450256,-258.468779300255,-177.604444216466,-72.2775125771059,18.3253839056317,232.443613318006
-330.620381052934,365.613605675017,149.403316437742,-5.33765630411972,-78.356531643799,-47.1410014608858,-86.0300551635045,-43.0215950101031,-7.85662111239162,-67.8012078614275,104.955147036351,25.371286122198,-24.3751373704905,9.11975616361201,49.6962035193214,224.671859003373
-293.953199736694,205.704328085952,104.124310197344,66.0465925456608,38.5835661052416,27.8362372373598,-40.0631059866558,-3.15732413176192,-172.961467289874,-314.751751009353,167.32153960016,191.602722476693,77.0482586209761,66.1221253741477,84.4191086509744,179.350879343834
-78.2711096566173,56.0522606249112,-59.0945310007886,62.2695468850583,61.2806734905329,47.6609479972502,2.23309313381662,-22.4004907769044,-174.489524516539,-103.609974381474,87.442390012871,140.579243819358,35.7782112554571,32.5075411591835,50.740720690494,91.1385800789563
128.747304052191,-76.6532611705418,-161.822834396074,-27.0856674564831,39.0096356299496,49.9623381650318,60.6711299248485,100.678310581784,-122.580212577952,-5.52811397792523,-65.4121494655401,53.6856835768418,34.0200512961271,32.3521048906655,76.6953771625467,42.1775811358126
362.31692117925,-211.141599484644,-268.940915223385,-173.271890445946,-25.2793176112985,21.322457521517,195.88253002221,355.869480261523,12.4008138975373,-118.818272782374,-170.918754793737,-50.0673032999555,25.2407249902693,12.8783129001637,132.977034220986,-69.5323900669098
397.206058928967,-253.844461768744,-227.241515206143,-169.796147964844,-46.8610040344021,-41.8094698104536,225.007659917009,306.461263173515,-133.354095210643,-61.8418464250013,52.2361477891927,29.4869162469107,72.0129911918843,-14.990164455498,46.8349951245436,-237.623191211998
237.972303333733,-246.956061103393,-47.2781924921767,-47.7263225150245,0.377879468300975,-69.6052681658553,133.672511544996,124.526264756945,-255.768694159225,33.0786241126295,143.360806000805,113.371472287974,114.561774746953,-2.62501831334095,-34.3652850193072,-210.30740535455
159.532930243604,-216.929090170905,-46.5282972308517,22.6738372676406,44.4985249585261,-16.90440373617,77.603391030046,69.208081786027,-150.860796545769,-10.7424938273634,30.0924991290271,92.1262659336905,75.1007459190486,-1.85305101513489,-33.1420882995196,-96.679724204417
117.475531246551,-155.93664077494,-159.975833257597,85.7075477964003,93.406486227571,68.6431849582539,38.5205016883799,38.3485176018741,-169.438040184902,-20.9543798607177,17.6435460439338,106.449965124948,43.1719426186536,-9.52088219640893,-43.4340891298451,-46.1073330861449
25.0268512152142,-91.7766901833856,-144.33689439755,127.180183337827,129.683501517653,107.244590645285,-6.92127672336386,-41.019114003878,-240.341292716021,-6.53924131797606,19.5407620937675,163.2874714508,85.3957215436174,26.3078416452872,-39.8054536152146,-14.8646410461248
-112.370409275878,-39.2419760943465,17.0720537614969,134.584550033011,129.167742,87.4760431145664,-28.2777713148372,-104.722054187684,-219.692197236213,-36.2629469122713,32.2558603629575,147.857890726669,88.2416473082646,42.022548245544,-21.9219551112002,-5.10557866025363
-263.742529861054,14.5192234030846,189.623963774733,183.047511970612,98.9733934456025,39.750714986587,-49.0055628572359,-139.892679643757,-102.436269898359,-38.5370551468899,75.1471206082349,-12.6079248140038,-15.5284667691201,-6.42130340234081,-22.1858382923527,-7.23239256352338
-327.943810450772,57.8814881299189,331.549054947648,144.095750365954,24.9516755604492,-2.7221371888442,-81.0760220491535,-111.781154399608,37.607018008353,-40.7394550887161,68.4367024246369,-130.166561946205,-64.6412947489977,-22.9706088825021,-28.8599553358507,-42.8229929074412
-233.564754795323,-14.7909893138241,395.261368577826,18.8437238250958,-19.4985652309383,-10.7484098679473,-76.9407645934283,-34.8168956948618,31.387890791822,-0.271258899136001,-32.6196385702474,-68.5462442334505,8.25735114325346,20.6104858311019,-29.4650772671433,-130.114654052023
-73.1532622735506,-53.9251033711338,282.882651002587,-68.3191967919588,-43.6362452057949,-21.1617314694449,-55.9543317835599,-0.820925552231984,8.02822314411557,68.9170164849504,-67.5637915255849,18.0036933686279,41.5838762521576,25.7298658147207,-36.4119494324398,-136.381874008901
-17.5810309868435,53.8011362133676,102.915364462413,-90.1532955516787,-73.3999232545166,-42.4513858192864,-32.5418751561944,20.7498591745183,47.2099844323224,65.5811522565012,-18.5887393168099,19.1696606578317,-9.73653243365649,-13.0706268085841,-22.2763405862261,-44.3898426357567
-25.5550795998784,178.411708917854,-43.7371929226143,-69.1249994462337,-76.5817782581363,-42.7229480062987,-22.452340194098,-35.7757443167271,138.903260644332,-44.9310643453317,23.9312015863056,42.7984169477183,3.80829020719796,-5.25757832833747,-14.5751079737832,-11.8672032473827
32.1055245078531,240.675107446979,-197.388388160612,-84.3842499849355,-72.3477609360446,-22.8822043017511,-16.0114725708626,-77.0361623467047,259.857552854697,-180.144540555107,58.5895084495974,40.1498774267386,40.8898551892166,28.6215959966306,-5.17136477148054,3.09358435607925
73.0484536289848,176.115044366724,-203.424176801267,-91.7458055060076,-46.4109981196478,-4.05540229344979,-19.1410896430115,-43.5533847581007,196.773207235596,-144.037073722801,43.5801984107986,26.075201051059,42.7853297109749,39.3896571516798,12.337015444255,63.5477014344223
91.5644710477279,47.1110340109242,-23.9121451591112,-106.225647978583,-60.3916932802234,-32.2341745013135,-61.3681745175357,-52.9284064514561,104.200859353364,109.233860585265,38.7985993805412,-37.382204402864,-3.44121062386958,2.62213415730625,-37.1977234783978,33.2154642463336
109.168970187476,-12.1800420129026,7.07749506355724,-67.5994427781921,-58.405643437594,-41.128614487423,-80.1121421406147,-81.7920064756235,55.5695305797245,294.808161111487,54.5425742708539,-116.749749063909,-68.0690844177725,-40.7833119992046,-66.3024749001175,3.89524749941512
84.0400943228787,6.29418198053079,-89.6951033972172,13.8650343689802,-27.5052505176031,-23.7114524934571,-52.5794022908658,-34.8579379800999,57.2374099428309,135.967355737301,45.1532412488753,-67.1829023222354,-63.0981368443843,-38.7016074732578,-34.1698522154867,28.8313850458348
25.1437409481009,-7.37042329557239,-61.3436384263965,57.1437129965292,14.2004391868821,-13.3332634303265,-31.0287466803047,-22.0116060847395,27.5234634796063,-18.9064655176402,31.0779256991905,14.1663959346377,-12.9807037499895,-16.2660002830261,-18.0720335667072,64.558187409439
-100.201880619563,40.4460237650234,58.3464244560138,68.5701729535664,14.2642347393845,-9.79046828230538,-38.6595204814157,-33.876999669341,-143.827923072058,103.80815239391,38.4778075626283,29.839215182004,-25.5719757435305,-19.874100444334,15.7546448460411,129.375874950399
-212.137771808463,26.5521345959465,169.116638352723,73.6354044593265,16.5181487975123,19.0584386425706,32.8869533715738,100.032646447184,-306.470486091453,40.0977200496926,16.7420876886133,32.2572224485885,-41.2678278797633,-10.7691193361833,98.6367665161593,117.185029004146
-301.038563954413,-31.9769036977461,235.8181693428,151.007084476163,86.3404815788674,62.9736341287948,74.0915320952967,85.6856460587092,-443.31569107437,6.68873025600828,6.59069305314461,71.0642320590632,-5.06327758008854,10.2347840387978,89.6410236222881,30.2327248184886
-256.836359364167,-74.2809426539629,236.792745976665,165.606502039277,91.9282504224567,60.5773519481706,34.9568612306037,13.6049854099782,-519.271760532757,88.4049234374675,102.733527371003,124.836978594459,39.8899692002133,22.6815833828092,36.0103541940068,-71.2718580662358
10.9420987945878,-213.08573140125,80.1162588721493,56.889984550573,66.7796903240614,56.9807392044369,76.0354335230029,126.431776766931,-348.229089225459,-11.1172270910389,64.9206188516132,73.2522999173444,46.691049801376,33.4015155606074,53.8421958673275,-124.918648639025
251.404800899033,-229.860059546816,-106.15981893046,-53.0696526418415,-6.06480281637259,18.2840318001704,86.6699840817184,130.876276248604,107.439853578626,7.45111361230738,-114.044925930292,-115.302714831241,-73.2360878686752,-22.5580650839241,29.8440640131716,-55.1281875570747
364.3173260727,-83.0131970095321,-306.853221837111,-88.5963361361412,-76.4052944351158,-29.1944250684616,18.1556041994135,-4.09094850254701,417.0741122272,244.787406134045,-169.180861300474,-288.65948472711,-223.990242023213,-103.29054648819,-40.389792771208,79.8003287933475
323.726015375519,89.2886182868987,-437.662836840483,-93.7457769700072,-67.3580982890217,-23.2552855661643,-14.6073845415553,-69.6009343499885,468.497326617609,238.769439212536,-156.185173659974,-265.604684580525,-200.535911301084,-90.8037930422644,-56.5050490262498,102.377178987396
172.431756497001,96.2190320425134,-284.840586146442,-70.9663229501271,-12.4423525564792,3.02155671159602,-11.6413601113979,-90.1936497618879,387.779984097876,-119.382845618507,-114.28545485659,-16.9228749314067,-19.1154611025105,6.55491887075216,-20.0734923918276,73.0148099537996
55.8001764523522,22.286355814249,-101.524943972146,-51.7832889569241,47.2240277172279,31.9860620328447,-7.76215940354372,-35.9528668758688,287.322429369849,-238.891284173163,-200.200943932839,47.8561533144856,48.4952197510977,61.6927279899599,30.4114614487871,108.542833504225
36.919106474303,-35.4194976231678,4.9878195092601,-84.9918761426249,56.7438308925952,32.1391271586733,10.1851276706449,-5.43159923695106,260.463799862963,-193.081007808129,-273.811301757629,16.7261796129135,56.6721530455805,65.45281341093,46.3353701361127,70.8060349631948
15.2796694391301,5.30841706704708,52.9261090840991,-84.8022117899152,-0.0159992287638318,-14.8967602066106,3.01564108040478,-38.9178096089132,223.351712541244,-154.536934549711,-124.965459776164,32.3862128919979,60.5967435304542,36.6444405396417,5.67559361419293,-35.6793207205598
-28.5461819031361,85.106627238186,27.1261652602827,-70.1888961445143,-35.8904919010794,-32.1830593064652,7.90341933906376,4.92829629680855,188.816767893774,-96.0048328785152,-73.5047977428578,-27.6910043035186,20.1368302901871,6.62385886188204,-8.00867349968371,-62.7311292305705
-47.4384030399433,81.3462213739289,12.0285901926931,-35.5216021149376,-7.80038776793973,-20.2349037872134,11.2875618625853,-14.6583281033842,46.2217705088006,14.4068697240973,-23.2026767857436,-33.3601579610782,14.0795509039339,-4.92102475137974,-17.413053555051,-37.2443073167103
-44.7780356775722,55.084120268043,-7.56659400048814,-0.471673356734222,-0.189716394833868,-19.3417086922239,12.3626398339274,52.8077240366385,-118.670060368899,90.8841029579793,35.4347999540836,-43.4508144272221,15.7208134098757,-8.91775521041035,-7.6924963034039,-23.8572201692143
-6.32652795281523,-31.5537905170577,15.8957339808287,25.4361872585269,-1.68282348971825,-16.3411048953851,15.2362269348269,71.7164380504177,-171.624303928636,42.1266009445276,78.1976577993369,-10.3662378053702,39.6950331662639,5.21245209929306,6.30773401086937,19.9142434270613
-53.0429730760078,-61.26935729367,93.8741223352423,80.6180763842993,30.8753405841145,0.2108417672681,-31.2964490346064,-67.4663092243564,-192.150444472473,-32.4344351721268,158.990520231322,94.5815491683089,96.9859010462203,31.9246818916631,-13.2158650351267,41.2377275716301
-116.996654102172,-81.7071627487846,152.098789465755,104.74545802602,77.2766814152346,36.5206526333084,-29.3050876511727,-89.0847816658916,-305.133352285408,-101.273919123903,177.926117346646,209.568933252444,165.423428392712,60.3573854971673,-2.51922588706174,-41.8551814051202
-73.8806845199976,-158.451401294447,179.655597904093,53.7394886569948,56.7982256017264,35.9809087894492,57.3742544499316,44.4406564962263,-439.680660275689,-118.053568075498,212.103361813566,225.18292908916,184.094422649163,56.2426212340326,36.1292050335703,-195.579660391061
-2.38728455912507,-189.293155514901,135.800724398033,12.6205535763003,13.4776328573307,9.55324562943863,121.765281837062,173.139353622965,-474.615171857542,-107.735226876371,262.412467109985,181.031292250405,152.44897059346,31.9972840666301,25.9354236467074,-339.596811363555
-125.078204717705,-4.13145468865096,114.504769409607,79.438125570533,15.2080648292766,-8.83167913198416,5.12794240159639,17.5255826185765,-339.06332345482,57.0775649026286,248.542260333035,106.801063301399,59.8977633346055,-4.59480022424424,-78.4598669835138,-288.713192429935
-290.124123789269,226.078576910518,149.683145635899,141.690819343596,8.24152517085926,-27.0943641985984,-167.0368894477,-243.209726440588,124.081232023698,82.1218815851974,42.8971005778873,-37.0143221766668,-49.6820592868895,-20.1644280559698,-117.827225539807,66.9466692426255
-197.183376858821,279.153956741424,94.0762875181598,81.0609312555489,-62.8136948803137,-59.799624124472,-231.710709795259,-324.853706733994,582.188199948678,-16.3651509789768,-104.995020692805,-130.726357784419,-134.988700493269,-41.3309241406271,-89.7265595247901,260.802396435331
-15.5413559847904,207.962021607457,-29.5064104090762,-24.7694438677337,-106.244216204542,-43.8155130863835,-180.929935267289,-177.148755430505,552.21421235315,-22.7436780775658,-107.493849912255,-133.479735096097,-130.444068124442,-30.9606545003912,-32.6020080151206,225.762087062726
243.417194093002,-0.725830103306407,-137.600953142067,-140.274031529792,-110.622986129677,-23.6194815856736,-62.5831478961296,-34.3134225776052,284.046401224499,136.278241733641,-58.8182336892935,-112.177000922502,-95.0030841007859,-25.2719261663676,3.46410424648445,175.133253418443
387.322414226935,-142.231160823485,-173.62377374406,-175.877857999213,-108.316517582329,-37.9744968616047,14.1425135769142,-3.40456123474826,41.8420339640097,334.485496551796,38.0455247372147,-66.2318407044168,-90.4532431709817,-51.4665664004955,-16.7488766622627,50.1693902979348
262.589580235263,-119.954710864688,-190.739398713052,-84.062188616839,-24.2670078654214,-0.895347833383063,68.4237629626203,57.8652096521894,-110.040634833323,182.121329949097,48.4858691507724,-1.60977190237742,-26.0287631988867,-16.7568084298918,-1.39802242361498,-35.0049046632457
132.143035648263,-101.696022311481,-181.984644709076,-8.29969973341048,61.5282304699283,51.0302637336903,98.5231366988179,120.032243850477,-139.464865330062,-12.0584493710993,-36.7094972285818,8.36657055568833,42.8220219103051,35.1321192652359,28.8650669082425,-104.845082518696
45.2414564177763,-11.9691307470303,-100.381942149574,-44.1172049704517,35.6599193897015,40.2141052804691,68.225167111802,99.1244637620401,-72.7916065491628,6.09893777162542,-160.170072737153,14.6653933891392,67.2802506574393,58.5188077005305,37.6850859434527,-17.1975872780135
-18.0958075683519,126.713717858609,-30.0085214810776,-113.224399244217,-34.2591646824337,-13.3108691405268,12.7610036508143,70.4135666427403,27.0046671291385,85.460310279307,-156.546262080112,-16.701656933662,9.0027163574524,17.8680678847898,26.6949919694287,78.4202676568647
-136.009809078583,71.5198813296552,106.865061673373,-11.1116652090399,7.30809755900664,-0.690878540589,-2.17186864467465,49.8197808107039,-55.467560626982,29.3463137101579,-38.5702172462582,-44.4774295133834,-45.9446137025703,-14.0189254551845,33.0481565287971,77.4892148398621
-245.291031847868,102.661716112251,151.83916552821,70.299100158003,14.1902259580243,-1.70817686075275,12.6399541270156,67.4496809513987,122.419313941775,-297.444033059031,-28.7278269380483,-59.2374169530592,-61.8712046036686,-13.8938278566999,56.8001879234399,125.705640320208
-177.539923649437,110.918506692371,58.2035108999227,61.7275763450063,-12.8294305500729,-19.4917237633088,23.6083617035557,124.825664925985,294.880560377034,-482.146097017581,-48.8783519873658,-28.7682699831321,-67.4879811901254,-24.9556705880625,76.2495398661017,75.6444573157009
-25.0632838464326,-107.376858817189,-13.2108469231313,135.469482525604,38.1225692287006,13.9710985155414,52.0127968894654,123.751097761492,85.3809864424174,-235.463399753758,-40.125030183601,-50.7210501976552,-103.59070999748,-52.834977589286,73.3707193658645,9.55357302596019
18.6713837414059,-83.269938532088,-30.673970340897,108.402600918487,-24.2312409774123,-17.9285714582624,47.2068031581314,124.318433975935,58.7646316187647,21.3536509211751,-29.380961439779,-206.9062671344,-166.595789713629,-83.9687201983776,47.4166451651471,79.9510849080108
59.5340794572403,51.9699650252485,-52.6742264395102,-46.0648896873831,-97.0226143136142,-47.2497361048814,25.1886185784773,55.9723688601128,104.297645211458,80.7206107922859,17.7568326987953,-138.152675608841,-112.929894764382,-57.4779028604863,13.0964696460507,107.711421341233
81.6076437331844,60.862654132008,-111.471669964053,-74.2446666131843,-30.3065863084115,-5.07987137653049,7.84009245487896,-23.4947034874912,35.1132435046275,21.2125557128908,24.0850789939425,49.9043622521708,8.50859895639223,5.96171617016763,-18.7279166627495,8.76961817220661
23.6772527526629,27.7262121265669,-33.5306599179635,-20.8736130570031,22.4943925183478,14.3591067867167,-55.5723866291289,-98.0863867445036,-24.6742760764277,-25.4129045156627,85.9729518885104,113.32138650249,100.518229397902,54.8038126382377,-50.3178321056547,-87.5884020952793
-7.37218509993447,-6.76997408522554,32.0402167903195,-8.70438719797967,43.7854865505627,23.9174614019608,-64.056688499282,-108.853874906432,-79.8829576199016,12.5800815087104,65.0647212303151,112.4120282935,114.264310010716,63.2826240729891,-44.1470986643183,-82.6375002348218
-79.4261099920764,44.155163206879,31.6076569705666,43.312568817486,46.5891670939423,12.7251353895725,-48.7631860475188,-104.998694015928,-76.8714154517966,132.785004432588,-18.5585720427041,18.2429397921376,17.7111461512891,5.20836028938012,-47.5279841661375,61.4771165227262
-83.4858537178915,59.5409433166908,-9.60540744354351,49.4124295496636,37.2423543693375,11.2094062399255,-4.76177958516335,-31.6129234654993,-123.587961004945,151.159085771617,-21.5823914108336,-19.8567235261317,-25.3230360327752,-26.8609816795319,-7.4316982180585,60.7909649460965
0.922238180643472,-76.1633504056827,-59.2589983124964,1.76838736567402,70.388193752282,67.8778534154831,124.55585980409,161.81813087197,-339.383606992534,-50.3396003374357,44.3195272009187,92.3057470154455,68.1467091276641,23.5612114830096,72.991977494453,-157.880390766457
74.1072898535473,-169.853169030708,-30.8701174337274,-39.531588655785,63.9911615643569,87.0082573331933,153.370084227808,150.415950773799,-340.957740253232,-129.773923827531,95.8072680361506,144.95885334136,102.706459578463,50.7137939425191,67.7311991146495,-238.216245929651
77.603768128147,-120.680850084155,-45.4532813522679,-40.0406000316266,51.4050406080704,69.6983491404391,96.948381262637,74.3096171616598,-144.074873426276,-75.0493885617895,-36.025555517088,79.9861576309547,59.8192394472312,45.3031983179111,58.181701522808,-97.0630919241717
-48.7052622860722,-41.3358695361111,-15.7253838418478,54.6493714697507,88.4165281225821,46.5596300921775,50.9288579464498,7.54489341110886,-105.793013708594,-64.4492251189679,-100.161996047472,61.6308609154529,46.4148293588463,37.2968767698241,39.3952108836592,76.6601523645247
-171.267065923946,-41.338245244538,97.2018815410757,140.396243313391,112.59298312009,17.7206716472017,40.6135728732609,8.55366847287172,-281.91863658377,-39.1980592213505,-14.2744560299324,93.1494717235635,49.0740182187145,22.6577391790338,44.5638670937846,154.274011998086
-232.529223021206,23.9677920839071,128.422400149822,114.929752767111,69.9884943674364,-19.6360095281172,70.4992390751637,162.755998062804,-502.055638246974,104.769866248466,80.2976891612902,25.684692087522,12.2016156075862,-13.210577489693,71.7906670983168,109.327819509198
-266.059147003316,100.833264359534,161.299165020019,92.4467697939922,2.50118477978214,-60.4208859310109,35.6985412137588,218.900605096933,-609.619046677536,266.931078177091,262.964135087587,-36.6197476744734,-33.8744875801963,-55.1339531504018,12.2942693738879,-135.750988258578
-208.207748420763,-37.5101000480363,272.781733960283,143.568565983364,-26.8447819948357,-62.2521173923774,-27.2861595958947,85.310351515784,-462.965780768014,166.49529962256,362.724685402495,16.7217908778903,20.1611914963199,-29.7293090719195,-73.5563205946908,-424.040231446271
-56.9370688730121,-81.9714963547667,288.224004170813,48.9533240345814,-58.4456346102774,-44.5781881886366,-103.894981656637,-248.845535333085,35.9309385157216,61.7758290444763,180.556558279748,85.9954156456994,116.500580346422,38.0554628860666,-162.734093276477,-405.401317174341
119.436566344789,45.3470563091597,186.430041805188,-155.10456977536,-126.904258294903,-71.0023961081952,-203.94750659618,-544.467269184117,554.521766435144,171.896738893331,-1.95425716459727,66.9488671996999,79.6172811794286,24.7875244352497,-242.47484060653,-160.895734128043
197.070803862603,80.0262221269639,-36.750224630576,-157.622466131315,-118.236181677136,-66.4928006472481,-139.355316693342,-355.043247939507,743.256299516127,90.7815303150073,-198.743354349508,-87.2873208754482,-67.9708877700462,-33.6549545159731,-148.01313505762,36.6171091775557
317.216396539539,25.135730185827,-336.022728061866,-140.094496155734,-69.8370333591408,-14.8339352202944,20.2499116916186,-24.0668180199668,660.873562702216,40.6895945988654,-363.606632225785,-249.789039155693,-159.030427439791,-57.992751278536,-17.1198388364863,122.057040349771
388.248926147814,77.4540826975326,-422.358324071344,-234.313518333982,-113.918068536777,-26.1579291982022,55.6319629502062,42.4649021291204,553.409876557823,98.812331102652,-294.996806646042,-262.031369620606,-145.690673337625,-47.4347682154668,33.9201935334495,282.936948752566
199.21422045072,111.98715496319,-207.17575337808,-201.937692315903,-95.0165808516487,-24.600018254415,-5.3114832053426,49.8872902969723,357.759945262172,-20.1940927525471,-162.241156806456,-126.95129001452,-69.2859307159399,-3.0845196462613,70.7355850500239,315.758758785391
50.9245454601099,-34.2278951897961,15.7149230153255,-68.5583927585861,8.87574060590235,19.0336030714501,-38.6061711971541,20.7743372406324,98.5701943316313,-112.961250638734,-42.3150052702379,39.9710077756696,15.7972820714179,26.1807393260076,27.9134908492336,74.290167349554
31.3728528660014,-224.466141622427,125.465025273128,46.3006692542463,82.8343925378166,49.5647693711039,-16.7201028906708,-11.0659872001447,25.4036913844513,-237.738825559633,-34.4929580385335,111.04276197462,94.2797338106513,58.4371863341646,-8.81678859840741,-59.3886600430892
123.504705387747,-222.595388513011,71.6995898438155,-11.3022769733955,23.1879793351977,23.6074853769013,-13.1416457099316,35.0264263834654,153.279543227892,-207.093664963436,-103.473921631397,39.0191779023978,82.6709687165618,53.3971796352684,-7.41282176672647,-43.2039377378472
132.320262258284,-14.0646733418128,-66.9628464552968,-90.8142106204053,-53.9563860540552,-21.2571548364006,-6.77230151448093,36.2338203483323,67.0413289973508,21.8374138242079,2.10848279028335,12.8447144535471,25.0121670509202,-2.57676927382997,-13.2533433505311,-29.3461741743569
17.6882113779285,99.9318701446291,-66.6109485115622,-46.8436648286326,-39.5191947262582,-27.3982520257764,-6.84597716378555,-23.4309816601688,-4.57776766152466,39.3800692199895,78.8019781949793,16.8516912133998,-0.709995799524734,-21.5548290094914,2.43696719994844,63.8299136830846
47.7188769206736,5.55836587463978,-70.8900277557511,-19.139717579224,-1.09236328025387,-5.83636904062426,24.8936011841319,21.550244658104,8.24977776965724,-145.470953737068,64.9074613784724,51.9414672929527,38.5946850295475,14.3515495656185,43.6272127409868,92.3931587558085
45.0084597456608,-159.454898006093,-17.7664011706362,60.2642157553459,90.6095228704135,40.7629492054018,55.1709028924681,28.4553230163291,-225.942754617338,-116.159245697493,89.659614336144,139.894345869029,83.9610221416754,28.3034304571755,17.6632262728961,-12.1797263507125
-7.59444894274265,-157.039655115583,20.2907602512274,110.138730344787,106.542406457781,56.740604858405,-0.904777691520636,16.3952437171846,-208.998386915917,61.1977719463447,22.8776716889818,16.4093535144598,-14.6016397995624,-15.9663422360222,-9.71732862276224,-6.44175261405178
-8.50473842386361,-138.482509946501,7.91856781014508,109.351179766794,78.4794912492061,53.5862721567137,4.85862036784221,56.447336189241,-100.375642818891,133.398257157653,-36.9598689452931,-122.699539245311,-128.473671494762,-70.7572136028444,15.1402818872772,-56.8066511366845
-61.153362472559,-147.382344932594,64.0273660826525,144.451165949342,92.9854823010858,51.227659352718,41.4512344475371,-17.2441545086848,-121.517567007592,174.762084538829,-68.3874848012975,-107.39907680832,-146.083636073327,-87.1062233358919,9.98363592794021,-57.8209084679661
-144.180047740145,-7.29648428877533,35.7250563867232,139.271162728161,93.2544443523175,49.3932169422573,22.1655393801089,-64.8120841103362,-143.442556760334,40.1352143629047,-29.4779924787113,11.9957753026678,-25.0140459647189,-10.5289958593448,10.2599004797851,-19.0737950531768
-202.271679467079,89.1799094978087,101.208665003095,97.2249734835862,30.5523338602851,13.9156918478219,-23.8077676322577,-40.1076700502932,-145.690100966892,-103.271704296673,67.229388003584,113.894230502904,82.609127036469,49.4973266935187,8.80065286547477,-61.690145765592
-184.082539136547,140.835167780286,155.148609153975,7.1741528796712,-70.6214581546688,-36.1534206428344,-38.373240174829,45.5042991635662,-100.032406589178,-92.0224385099141,62.1467406520909,102.399786574693,94.4963402741247,55.5275304374244,25.4909191786955,-55.0428722035334
-168.81336039647,196.4243881353,133.921733081555,-81.3975509304656,-93.4492321703626,-44.5314949723048,-3.26596832723274,83.1270760206754,-33.0409248153444,-63.4874765803081,-47.7011773722873,46.4109910640758,90.9165967634607,60.6964730850141,61.3935054656047,27.3518946081924
-200.237347945056,215.169116210478,77.3637051165796,-49.3375321389966,-41.8146857411714,-24.5428184135478,15.2569150251745,116.242084606724,27.1428314216127,-127.383730239841,-114.626913561575,-49.6305674292531,25.6594366927901,44.1378646918629,104.670845450372,235.761568576244
-200.160759421231,270.823357430985,-56.0590702537531,20.7805299417948,-8.91174445334124,-8.08395596959779,-8.45286778676923,65.0982369136872,77.4939697089805,-147.77746174013,-58.8567710299546,-69.2408521323223,-52.8647108278427,10.3886173328335,89.6472649031474,331.216175004611
-133.432047777753,173.032612496933,-52.2715344084628,84.3024140095033,7.02299671012276,-0.254380253117631,-67.8694267859165,-61.029663259428,50.2824884943967,-40.0879788660837,94.1597525171167,-51.0819074422537,-113.395315642059,-33.0417786002163,19.3196221624987,259.261482205373
30.9894503574021,-20.8992351393467,-101.424699141815,97.5755196353277,21.6817854473762,21.8721839525581,-60.4691141939663,-0.687701865119358,-97.9577539107877,37.9010287376423,220.604274850981,-33.8079743591856,-114.059537347181,-48.2025557441156,-9.50695139331683,59.2129209776901
96.4206788077463,-45.3458048012047,-102.102746910047,22.5335341573725,-10.3008522952813,11.1578689267869,-22.3184773869099,30.797942799253,-128.114141399104,91.0460399695781,186.307546394169,55.1688699897599,-58.4341306672096,-41.0617504197582,-53.9793883627619,-206.320191239802
97.996410600674,-73.4855999667764,-39.0480305447018,-22.2459154804806,-3.4349215157836,5.73821713216762,1.75271297673837,8.38701044657293,-65.7748473740112,19.1142957054251,64.0723277537117,136.166370871987,21.5475645256233,-5.63249572369685,-70.9666111620018,-207.619947488245
141.065884853831,18.2080999777084,-165.58234215294,-41.0893536266965,-5.34429211743915,-21.1094648274995,12.8484233534855,-103.646284403617,54.7802446975403,100.73312478281,-13.8168476375664,82.4216829133213,37.0423025366896,-10.0481330978021,-70.1527960794641,-52.2928135337804
124.387140122058,225.389329921378,-324.394048483747,-79.8349711211496,-63.7199916675728,-62.1673897418985,30.08862896563,-56.4302667852706,104.662655386404,181.823280042054,-1.45709779619006,-32.3443884525782,6.42797307997063,-25.3893235185083,-46.0088919844983,-52.8576188864525
100.932165719908,167.2416162085,-212.42141913475,-108.38599665479,-92.3164366603524,-66.4544845903287,55.6222138056659,73.4485519099387,96.1033332957296,-77.8123723420163,139.483609257774,-74.4719967802201,42.8951176868255,13.0635870163574,-4.97716238213872,-35.2697563365075
5.53329516289554,46.0845411713171,71.2201449173903,-81.247977621379,-62.1547757079005,-44.3546213728919,-17.2912349741127,-30.4319519334408,78.5771422789012,-84.3765454983438,175.435489151099,-74.297572425766,60.7918931214084,22.0780912599331,-37.4009509180236,-5.95652529150158
-66.0408837504599,-8.55301950643279,153.982998615269,-22.9490795808817,-3.63105546251015,13.2598037014136,-60.5933580859231,-58.364842242925,-50.5566881910405,107.916846347975,24.1898729910368,-39.8840707709107,37.8192810702902,8.06144140540755,-44.8380376326633,-11.032695543462
-88.458590193965,-53.1487528301448,189.220502209865,30.1130472419196,-5.47348923444186,11.2118450228776,-32.4280868318591,-45.1796312117672,-146.210740659327,101.01853098341,63.6569457954527,9.11713089474628,4.67464733882203,-15.5241450288597,-15.8126404702917,15.9952327657424
-46.0811413966381,-79.9610195452577,75.8051788252029,28.6989492065924,24.0859959370653,31.4077655651078,59.3879370176724,85.0260737817652,-204.608154011515,-64.0404435767905,48.3524995310756,60.9357043402303,29.9419836437279,10.7180498599069,44.3492750997806,-37.921063131331
79.9308793210767,-91.3002885193715,-130.9648188008,-12.3305117744883,56.6047461037406,48.7641421309424,135.433057174902,158.463516541604,-141.591473046444,-156.255909729804,-35.5651915382197,69.3401029684538,63.0786539491731,27.5623923717739,59.2217645128444,-70.1806313053109
99.8715928320171,-22.7133279381357,-165.83770714489,-6.00585009851878,22.9920341208728,4.03918748723338,78.6325690473055,47.9794921979947,36.6776882127418,-21.5127911700017,-79.7539371902195,-10.6841869309931,1.06606769611614,-13.3839460989234,11.3251858659696,-21.6970886699885
61.3716387551853,-53.0746494233865,-40.64412826226,40.902735304619,-15.9530207028135,-23.7990875595474,4.5848219849892,10.1876438291431,118.665474709587,125.709184114183,-132.617006645515,-120.013210998671,-93.6377650199516,-51.9495832419138,0.545508764843085,47.573466848258
16.9034492207321,-101.720532963062,176.751986909569,22.0237642353868,-77.8358255012279,-62.7066776562533,-41.2880500394936,-20.4748516157137,201.446565521271,150.396646538435,-108.637667386698,-184.4891205046,-141.480423661639,-72.2368670675119,-4.6910538275902,91.7289327098123
-35.9084930490849,-100.395823448378,328.290087937398,-43.7190329552589,-90.02727604993,-67.9371791067001,-48.5667967090575,-71.5381610438343,244.224384788342,27.0387406325899,-89.8543131507348,-99.7260786373777,-58.248242885065,-24.6865638377099,-15.2308087585892,6.22233647527133
-57.9445612742046,-79.4128040049237,331.322525375108,-45.2291785635332,-75.0428229470246,-54.6134869095021,-53.2381198365309,-113.820622193571,169.673725449334,43.9758408471627,-55.6437502970259,-16.2798449958741,-32.6504943042376,-13.0601099448031,-34.2739160986317,-29.4858882811361
-9.48628515823389,-30.8161795254754,103.830626589399,-29.9027808401187,-34.643014070569,-14.6862062569715,-5.74528615923869,7.81779631892373,74.6657891019578,86.9892843028078,-120.356981558123,-38.0774481614893,-80.2152459947986,-29.9319116547287,18.472748719131,53.6572615476638
46.9937176368942,-79.2155852068374,-118.957275713892,27.1664714164471,54.6672781677638,45.7202686242586,100.532473168243,177.067317943338,-117.157360728595,-76.476802403341,-127.799227788487,38.0460284205075,-0.540121220284334,6.29223838944387,87.155560581162,-35.4399672016286
39.7246903195444,-90.417936225628,-221.70447508135,94.8790028332601,107.434403634239,76.172477029747,142.497079355234,237.37723838293,-302.097764239335,-87.21622530966,-77.2309139517986,85.6640650558617,52.0197407826951,26.727796080422,84.8398687994864,-172.148135441916
-8.93162066969089,-73.3990895590044,-163.971732965565,102.962262156797,121.635683637117,80.0000492533594,107.838708788037,177.078728379455,-357.564770232877,-30.2578747807235,-3.36569315730742,58.3519633335447,74.6942732435471,42.2389945696231,40.0848664783976,-165.388407650623
-104.040733180494,-25.0432427398518,33.4010523865804,92.2419229107124,97.4623692887232,48.50821005991,2.7215960060061,-33.0564638072552,-274.705312440632,-16.7129798611509,92.8626310487425,80.4942497660251,105.36567075906,62.3235718617616,-14.3154279579716,-8.9122433650347
-149.947492626527,58.4311161570073,141.285088812797,60.8648819169914,49.892699810072,14.4370517156339,-117.188584093518,-190.515445036205,-40.7068837471213,-13.4050601505356,99.5024325756901,19.9118406270567,74.5296396688382,68.6480074229563,-30.969776470861,197.471511311
-100.565018688416,48.1567121587146,137.914046879915,20.8365210000676,30.6378703475245,10.8789954716762,-142.769965538884,-203.440188664696,135.511044098681,-14.5180097911088,23.2215627217303,-27.1020351268913,33.5861544648652,55.6305881279579,-56.879796245376,165.539268631364
-29.6776519850495,-40.9478149085218,80.9257305880199,9.84951090238037,67.4559626747577,43.7546679392232,-85.2396265851439,-136.972641952928,130.526680543082,-66.782195949864,-62.1292287441036,49.3958132986495,50.7140083907846,53.2108960652312,-69.0321157972522,-74.1341254957004
51.2263648201116,-84.7035508858098,33.5531666129075,-20.7585653279874,54.5392681264997,30.4233563980273,-52.5948874147498,-89.685015763448,62.210378099911,-106.520312073307,19.6523304209586,136.16005636937,86.2776177286875,46.1586743571347,-64.9810529604946,-199.804909223867
7.79588292832967,-18.8483840649607,39.0108868257137,-20.4007222881082,15.7412647231404,-5.01480600620862,-34.7959649579078,-33.8790210614783,-31.1538569440278,-21.4657794465642,0.22903346716987,143.943172538936,69.3126568052958,27.8179582930313,-35.2508402657332,-95.405557179424
-111.997695115865,85.4065886290156,50.2387021845935,54.3115905528815,17.7999572917722,-17.3616973776759,-64.6860618685577,-73.5081329270718,-50.9323818707529,110.801191158834,-62.1834656757852,64.3770460115531,19.6413912312281,12.684691547803,-34.81844213757,41.8251808444648
-125.761436301471,175.241608514254,51.0205308216776,20.9727098594025,-17.1644919716186,-44.2557148708458,-103.83545463568,-154.151368764396,-34.1260013574168,242.761643083215,14.9579393278615,20.2348029998589,-33.3988187568939,-23.3935441076302,-56.7347373025637,131.39221477578
-79.5662680258449,106.128869124265,15.7136160896173,3.55811503624945,-2.6565166030545,-17.0770291011955,-32.1314053238829,-54.7637838590678,-154.576555807397,144.596114612994,109.590613599052,12.5021665132904,-39.8961679480289,-28.8846179422281,15.2385844768362,184.474675829596
92.7994696008614,-101.295764513387,-147.561955426506,30.2960977619647,48.6777843379563,49.7763320760773,93.1722057328546,130.750901413199,-294.209901528294,22.227426106913,134.306114851962,-14.2373813231939,-25.4904904621902,-18.8303490389599,91.8435352845601,78.556155120481
259.314198914718,-257.955772382191,-221.256355520357,-5.20762871045071,37.0956755827083,54.2402439712988,177.270994725293,257.654610968018,-194.541234636962,14.1470002344421,-1.56459278816834,-65.7075338513514,-63.9330098464864,-58.4487221044843,92.2865097034481,-101.782022880997
250.825124743049,-251.668990899168,-148.565986293361,-36.7563688949785,-10.1266793146022,25.6391872202984,171.73590358782,264.054644954357,189.201693098533,-126.036351344822,-219.935531854991,-179.268573889364,-118.145858395508,-74.851674920384,95.4803860938603,-52.7438417994204
188.97723866437,-67.8592710943951,-55.6975276008528,-166.94633682667,-93.0779048190143,-15.5760870667072,91.5355466176742,138.193789571019,540.513262649757,-255.367657765621,-339.711267885227,-139.86426736967,-36.9254700923825,-6.69782006488066,71.1501486644385,-66.16167190681
93.2998961942345,61.0890064977623,103.208363951984,-223.962203657796,-128.369535666377,-56.9901984955706,-29.5345812599584,-98.8672207779496,674.359943820387,-326.372698710229,-248.3899316645,49.3766307412701,80.0398445842826,47.1804279610174,-41.3859747324466,-148.039151577228
81.5426830156725,14.1135425933635,170.194603408205,-158.28266053252,-98.6502532021763,-56.9303769753134,-104.43965950125,-280.340051494097,649.822811688459,-266.450792630695,-146.339057658836,102.839286908937,82.4398173026108,46.6055135004624,-98.2292084120515,-30.664618585351
112.791184447984,24.5489731750072,53.5132821218151,-122.959043196718,-87.4793673506255,-55.0659636547801,-72.5279370237407,-225.292508046716,384.391699555906,-58.2131632771769,9.7530304680887,55.896125001776,-0.682574446452804,-13.7916216698572,-78.3966173281372,28.0064362623987
63.1888660543993,116.500066415017,-158.076437528245,-26.7015860559301,-60.3677613526214,-29.4854348788454,0.175102213874723,-23.894710102407,14.9273454169903,140.417001910088,193.773939780619,-73.7687932057324,-161.454975763295,-105.488157419926,-36.4860774368859,52.781243537277
-23.6434277737899,257.528183536639,-259.754610695878,36.1698586331642,-101.734612992112,-39.8006767575808,21.0557817000352,116.393239477266,-168.112045623471,360.26190887047,309.091116417835,-265.757192362091,-303.687442921706,-172.056359819809,-14.7721929401308,-23.5378536391561
-72.5139571494317,320.871663951628,-203.951032605765,-23.2237772135505,-145.294393039778,-58.3653976772885,26.5382000085134,207.688128925272,-182.715934686794,222.73945296307,293.868232789355,-192.751570441154,-205.510867651154,-114.531623014691,22.7559380644045,-57.6202917534025
-32.0730402707996,188.296991661535,-105.708528903188,-32.7706323509775,-74.9018568306719,-35.7473930268098,-13.8215924436278,73.8545305125913,-105.437445890287,-25.0385290548199,184.420088913512,51.2861276583782,20.2943719125833,2.99832868419349,12.1641950672549,17.1953736969043
-119.45856213316,116.983940502055,71.620308266016,37.5767654889166,-11.9044574369677,-37.6295554538328,-83.6466190336957,-82.3433284176866,-44.0287920997432,12.1374497928483,73.6160170943809,54.4146063047865,71.9241209096528,26.4237880898865,-35.2642454376951,108.084998270087
-231.029795247856,113.003952287753,159.059594551709,76.6431857953269,56.0679918834479,-9.36425032915683,-70.61027459982,-125.504219772456,-48.4181193148032,-49.0528805567113,-29.627872211839,13.8651848150105,137.373758292254,85.2480431274389,-8.69869688086055,168.720561810214
-188.793911827499,73.8645113133802,87.9441793824548,79.9766685616016,105.232146491891,21.5517362587927,-33.922934623938,-135.577082094602,-136.794369445267,-50.8347972917929,-4.2146776051336,42.8863326051333,177.973982308899,106.375126933198,14.1140752396209,88.0668326854808
-113.353947013286,-35.3849319712553,51.1507049675961,85.4918514356153,98.981457569485,45.1338668348921,5.56182625108127,30.9151145137284,-232.822474874891,-1.54558753196397,-10.6993454432534,23.4923494367562,91.6771738166863,46.8606647573041,27.7482894981757,-25.5089936388549
-9.70631878844256,-157.120389752063,43.9250643699105,79.2364402593263,81.7638076561891,64.9008060081495,29.663739718524,43.7780008878397,-182.734634761959,6.84572902276204,-16.7602808544159,2.66222702578551,30.5170401946839,7.11861195017386,16.7523501000139,-47.4688850661332
81.6728152672892,-246.080853550827,-4.62063686471454,68.0402958701455,114.282462806104,85.2102258078767,60.7878455515698,9.39737597559724,-184.025489781013,-2.29619273271146,-49.8857195450826,59.8936664171821,36.0798131854558,4.37585051258733,31.8073259561619,-15.3756690597372
104.75631790528,-270.995509087767,-36.7223254035382,96.7588340301216,132.301398510825,75.3342699092426,56.7548361107183,11.7934730309766,-166.775925589134,-48.6121980788953,-69.6020884068081,101.343931172641,57.979334875593,26.4608859088688,28.6688574285128,-44.335254559801
81.9373760144595,-161.58458124497,-82.5994348418361,108.070058816913,75.9509052416304,39.2978955673467,-4.0003013119036,47.4257327359001,-50.9980997957751,-8.09101660763963,-79.7522852745131,6.14284175796581,-7.34065318899607,11.9432049234225,26.7729279767295,14.3184911250014
37.8795330058199,3.34556559145176,-129.469203035979,47.6765837432099,9.55527129077661,23.7888917899527,-30.2863317726718,115.975042485281,25.8726556565809,35.4397174806677,-134.502302961058,-50.1971713668649,-51.9478090592907,-0.61030335906031,40.0071995546443,68.296613811637
-12.0864268213331,92.3998656693347,-16.474999737182,-24.3494582549091,-76.4029211884663,-27.7260798013695,-34.3964705508916,54.9056376150753,62.4090025548157,14.8162469052285,-2.9445764538394,-24.321884111591,-38.2980822710703,-13.5548557159007,0.999641314915877,69.1537390941858
-52.5997654479575,29.9482407168571,172.608556039498,-62.0735316205763,-92.6133112637073,-50.5342101894298,-14.2518887460498,11.9369073647527,-85.087659980311,35.6714763800598,147.185850699349,37.6083527222279,-0.939556764914357,-14.0820127147346,-13.6027248584692,-8.63519113682918
-120.470168402545,28.5611728187733,243.879049071385,-70.831794911292,-59.5299100671146,-39.3737912071157,-6.86312976543127,54.4014800232273,-245.306900607347,56.5486864564056,188.948334832369,70.517689371861,45.6222128745166,5.9711079596739,-7.42559555853273,-128.090651559153
-158.379119013319,61.3785559700704,208.082122869248,-20.2708500909843,-30.362613240646,-44.2981867781077,-34.6402243605393,74.167377326228,-208.393978966091,-46.0997373625121,202.12153841861,74.8744565274852,70.9795713373376,15.2286508408576,-21.6303921549686,-131.22030735479
-72.9179199975141,40.5748817312552,86.7013333465117,17.0794328222262,-3.032170594385,-42.8080588983178,-55.3170987159328,-16.0427379832197,22.8577982592546,-52.9754871303005,108.704504112797,9.59704542255744,14.884167555228,-6.13128188387854,-51.717970644288,-89.3597895585042
6.80381949594886,11.8393778974151,-11.8425894747757,34.3404337655493,18.1420633573547,-17.0573351960116,-49.9566916313373,-127.310001635356,137.588003867409,-16.7406182791979,37.7417212215015,0.305471374807695,-12.7511870714277,-12.7354497636931,-64.5811682878546,-37.1273486278999
55.4397279588943,-59.5762044368762,-31.805765636283,40.380963351073,60.4907285281432,26.6734291701124,-27.3437403723692,-232.67381435273,84.7946065570763,46.5831766832805,-44.404631530542,73.9541561937902,38.3194509550789,22.8522155836794,-63.4735977331159,22.8064762932749
166.210454081795,-78.0684880139949,-171.284753973631,-41.9349015090024,84.5721602667279,64.9299958984564,20.9607858430236,-152.742553023575,78.3076891029284,162.383587550639,-234.087853760222,27.6259265349964,35.5388329656501,38.7975007735607,-15.405899105412,60.7702847590439
132.575789397147,6.20522408848302,-226.500577125134,-75.139283393446,62.6406403914392,56.6375361736966,46.645492161129,20.6354498657578,55.8948604440227,300.982156463373,-376.421709063639,-109.134492433675,-64.363364965511,-7.7228615166012,40.3367894742206,126.874346618825
50.2336814825691,94.3512090906434,-168.507446983933,-79.4964481050274,-19.8013625135831,7.02922021426518,68.9818885013288,137.670823754899,181.646942495822,82.4288811939729,-282.438203332258,-206.218874213006,-124.502804293338,-41.5343294266431,85.4862427464415,222.522852931846
70.161406144166,32.8896860760903,-121.488224684607,-85.0176249089312,-42.4836270423654,2.82197961595737,106.58485450922,170.755326194991,165.442921424506,-346.117649866499,2.47267635162132,-63.6820448932021,5.4008162564993,15.1378634345143,99.2334750697719,135.773223910555
-15.0712741967615,-63.54534552208,49.739564910586,-0.107547977025106,9.03204725160943,20.9326478230588,69.4336770229767,58.3367470498274,9.62078626502465,-324.580133422039,67.6982529069535,65.3671928218191,85.8948013268857,50.4860623669527,49.8329204286734,-38.5450256465105
-16.2122435699672,-119.259333767511,108.935418606619,49.0984157234478,35.3616953884645,27.4959581711913,14.2399501178754,-82.1501352530941,39.4868286195079,-212.334558340882,58.7097924629461,103.278643046173,83.0872779179865,41.8635410061827,-20.8320149388262,-210.532706589789
56.1225352760627,-127.211455006654,42.6063344252877,32.5046674146009,44.7772920660901,36.0948967166651,-18.6211003475096,-156.950112890524,13.9016720546312,-92.3861245582372,83.5188674683605,142.271852785042,83.2200125943466,42.839445765094,-57.2331152141828,-220.0095122689
27.1201550760846,-43.9044139195345,12.2471137869299,1.72844990763119,30.237010027075,29.2939614638592,-32.558076280513,-99.7669330010433,-75.0393341858304,2.49416892608176,58.9741788590864,110.523184501383,62.5985457203712,51.5587705750139,-15.7297607412046,-7.61864143239808
-43.5008711245883,13.856218952565,32.3334040598676,24.9572296340971,16.6979255294833,8.63312567276545,-26.6559430826194,-51.4537809540016,-150.236652115783,86.9327362073149,46.3555968558758,78.658352617816,-1.17008646151311,11.2068993533811,16.6882127248053,92.0903813615487
-108.844962943676,-39.0551361788959,103.283496635693,110.858879581863,31.0168510555604,6.45624616436173,-20.598043641334,1.66387934041342,-213.260163848718,202.861730173174,-32.0793713292728,11.3977800997558,-94.2432901649215,-45.4997538411158,22.2306560549885,105.807876063601
-38.5744519588872,-84.6277811188393,91.7850152428767,86.4233346804005,-7.54626221198333,-20.682745803618,-7.11403362149667,74.4701762627674,-71.8927904871819,111.469170349726,-21.5955695491509,-60.8762849584414,-129.747889740205,-70.3392922258431,10.6061815949706,60.7966832456657
27.4166968392341,7.48050531778379,-4.70239824680179,-0.195774861812822,-76.4271278940549,-65.7204767725224,24.3366767071219,117.114036721417,147.607595605083,3.13715686274364,-1.54150617175912,-144.619563984272,-159.051831072773,-89.6651648843737,15.6173656766575,36.7218080816806
12.2609811885969,83.7555368187083,-16.973399960141,-42.8756405190915,-98.8484560764017,-72.7568386208793,20.0780988900157,87.6814958354069,214.039268599535,53.4120336484787,-59.9086696681319,-175.675122646802,-158.990305496654,-79.0305826729978,9.50312969515375,47.1215614462418
-12.3657246681882,108.562204934927,37.9972710555647,-69.3160264585918,-110.387921793815,-76.6541824956225,-9.1823710958701,42.4318295403571,188.356184729121,82.6887237628807,-20.7174480103603,-146.816455511427,-111.805019890317,-61.320661357997,-2.3350073220447,-14.175820058179
-16.3210120999499,138.373541323634,-17.0820330931976,-94.9504843071549,-75.5733266487979,-30.615013656821,4.21089730319125,32.3266365110392,107.755035503618,-23.9055943926134,27.0580055934162,-52.9787297335586,6.28459709104212,-1.73750450409297,2.88287032542567,-98.1359772469068
47.1960449236785,115.460157958782,-147.475088743722,-100.701235158047,-3.09360138544008,33.9681888643258,9.33557609192493,2.63922772709586,6.68831888885961,-105.28123534173,81.4498717487257,69.1191490944921,136.081463738313,64.0075549573676,-32.2895835624697,-222.833633480622
31.7127596453804,70.9943746003367,-195.770713494599,-28.6876464563773,66.0963951252713,68.7619424344461,19.1227598981844,30.9857942536374,-166.60251072457,-105.465973403819,145.16850148609,81.7220575816702,148.053659533325,76.0274931205251,-15.6349440741249,-184.471720934053
-12.6948525574917,50.7100101001682,-132.728872684874,4.20209727199192,58.2385851634617,69.2496166886899,26.4381489987503,44.8537458571738,-274.834639461198,-81.5170542843453,229.043083761525,91.7351330367961,81.4899792258997,48.8886210839998,5.58146815246158,-108.690650572496
-18.0007512141418,93.5557720363539,-77.9274558232192,-33.3938163860271,-20.8620889849311,24.9568809737925,25.8720171640326,44.7190261429564,-171.385227481447,75.3382210304822,188.738530884461,-11.5091500823258,-69.2786095420292,-38.0016972797612,13.4295288523878,-50.2902749115319
-86.1574187307107,112.1070967849,74.2329960846788,-24.7539788962366,-68.4932489407367,-20.8217935784155,-18.8619010029197,-33.6486320663898,10.9021666854659,242.327228471506,-26.5643447590349,-107.795245698757,-157.297670714368,-86.3830216741891,25.5006293923175,81.0968176699526
-158.982595084227,64.7931867801752,268.804065247069,-4.49233855831352,-73.5414260081643,-44.7056528584505,-94.5263325560145,-67.820460102389,72.1897091744353,39.688507731749,-71.7643616124537,60.451371423133,-26.865642619732,-14.3954175774359,19.3514745264577,99.8663732686951
-93.9928637412024,-31.9016931776455,185.731832511268,39.5983472221826,-9.55594222958379,-33.640932674104,-58.9994666812464,0.882012590203317,19.3698874123561,-156.998140510652,-59.1092815648696,165.394309375734,75.0856100590538,28.3656367033212,-1.52277672950999,99.1662408578553
49.1849905970588,-139.163113243641,-2.79465783129833,93.052055826257,60.597318885671,-31.7528435140191,-2.40882022468632,21.4165279210663,-25.7026175178201,-48.42586073087,-105.222079866628,104.242441561921,72.4431728324607,6.00197378624705,-48.1105458847016,77.4516743856432
115.759685900576,-152.065826088042,-95.3124469238418,77.1667819295735,68.8302476429279,-40.5039710175891,33.9184649507613,70.1933804808415,-40.4229880112825,58.9697308600859,-161.556808045276,13.5496729406108,65.1859313562324,5.12130380944066,-33.8561467195941,28.6288034629631
128.152973485656,-110.803188752168,-71.6439687057988,-2.52474689840429,23.2887550925439,-44.49951734708,64.6637275668713,29.0567689959349,40.7373880680724,134.266304865341,-158.321352043223,-91.2357753354932,34.2889635098876,-7.26312821386637,-26.714611821371,-51.1326396100058
85.2159505623967,-22.1154161090501,22.1242008969039,-107.298338537119,-34.5906829713379,-37.1550783930955,36.1601564053935,-36.6665658884856,105.213959581856,191.447063241861,-165.501008112594,-109.266165994273,20.4286971563108,-7.06881277439403,-24.609145719233,25.9532775850796
37.652059843348,37.3475482119062,30.5098460351667,-119.747388585639,-57.6802687766193,-8.55453073610545,13.9097993000613,-4.10026262522311,96.5557446983216,81.4358915767089,-109.558219136229,-78.3812473299628,13.8254322860338,1.6549239647564,17.0986282003064,122.349065759903
12.6781588806441,10.0829951721138,17.2148426917933,-66.9427252404461,-40.306122119185,29.1808462189437,17.3124923539301,52.0729399867691,41.2860279430297,-106.583698017748,42.9650881148068,-65.1400731693932,15.1162989098579,16.1524333872655,44.1102641752429,62.9601836588852
-25.8043562158916,-29.3239487537787,53.7993389093802,-13.9387752672488,10.0770466038537,48.7324356438242,3.6746906714266,5.83256853109667,-0.439165023025339,-170.263001565682,68.4453515354248,-2.22578231117647,32.1582083348292,38.3933587434464,41.7384300350112,58.4086732614869
-21.6694897233169,-43.0906007399134,48.6653598243551,18.6704089740941,33.2744978491108,39.9991603007053,-14.8787636946661,-61.6470481798383,35.0513704391745,-123.845371559865,44.1963435682842,22.9094630599128,20.8291123476482,25.7463365918874,8.10782280188582,-6.19496566616223
26.6741895475698,-95.3828828672055,46.2259326103622,16.5811316160359,30.9440297352818,33.7929344166139,-15.2821859647215,-54.36717837446,66.5564997068045,-72.3078247096516,-20.5676083560234,7.35752804823088,10.2861467192431,20.2446998178024,2.73933424200385,-21.7885059619539
68.5867913488066,-154.684201565145,25.9849600147638,57.1884893915264,36.324360228639,11.9192004012616,-8.65710272819648,-38.1567675089891,53.811403605282,-54.4945026711246,-34.346057484989,37.7776860386377,8.47343978845389,6.49979328856266,-22.3594365801263,-61.5120088632412
76.3506311126362,-130.466260425311,-61.1658046892784,93.3153380061299,57.4398927135863,1.48121944202953,4.28373958093563,-15.3959206039862,13.3629827223055,23.3665383402463,-63.0283937495725,37.7710569658401,-15.1304738265885,-17.0359728494467,-50.725804068639,-99.4639171496365
16.2001265236039,-18.2516010815357,-52.3438917749548,63.396873123154,20.5322947604057,-19.6365906860616,-2.00594290772395,-12.6030852452823,45.3517005659808,91.212108563229,-97.6083583195833,-35.8342642885037,-39.8506247975526,-18.9839049506096,-23.0073770631608,-31.9803091015883
-79.7849625421614,124.833497849073,50.9870900974602,2.16847833054931,-68.2435415597055,-54.5765611205822,-35.8214479136799,-44.3430564417198,88.7656874094429,69.7976388255118,-25.5871524777537,-55.1041069837308,-25.7209443533374,-1.02316334695257,-4.4832231925098,65.0560555415575
-127.663319031248,153.845417811281,150.906458745943,-29.4396688038385,-83.7513313956732,-56.1995509274379,-71.162111354609,-129.26817617597,13.6151609526903,71.954599463758,94.667904082425,18.3311088785515,9.02429214561414,18.2606851528597,-10.3151844038353,124.607479429286
-118.587124479071,88.3025407268757,158.105864600329,6.54870403760538,-51.7273569588087,-37.2769730981055,-64.212046738407,-128.2744706458,-82.3760942042019,26.7668272441779,206.758323656283,68.3589652985227,13.2324411304195,7.61836745671661,-24.9946955840795,45.6166089391646
-64.9009370986764,31.3709873932453,-20.3411765168702,76.4663053145708,15.9021536066681,17.9270564681148,13.2759186740924,-28.9510477601858,-165.090990062606,-13.4344214368437,189.122308731664,38.9137620692149,-16.9184847980254,-9.59150265974688,-13.6625096760871,-47.5453048561268
9.09076076736939,29.0694241049256,-176.907089547323,66.3041705384283,46.5457430558173,44.2234832164226,49.0916899240951,47.1845669099028,-125.10915850036,-8.19532919120121,116.619009736063,-43.836328731831,-50.0237846714213,-17.8508337868214,9.42895604561184,-42.0729203794171
30.8334159620799,38.5537736126034,-151.033131514157,30.2539200037031,33.4953380362573,35.7647203681137,-31.6846641448284,35.7937894052206,79.0463303326825,-196.528299865853,93.354618293745,-13.493806256257,-15.3362061233139,14.9206824261919,9.86812452857147,72.7829111043546
0.565437824513422,-13.9408749579735,-17.5396950400346,22.0095196978755,28.527628454586,27.9212674244387,-75.5477711410971,48.2375619963534,109.184556583978,-319.816362134948,90.3095124100475,59.5172311739458,51.8647934711499,48.4340927853275,14.6253951013308,26.8645710087468
-10.5536347246727,-146.033468304886,127.564619650269,25.6507593493882,53.2789065133531,39.6519124230829,-31.7695099301762,24.8311966013638,-56.6515539254821,-208.229941063986,13.7754333435532,143.29204441227,125.309131307416,71.6983562537596,9.50913221224772,-136.241667762374
-39.9107903306691,-192.74521005253,135.585654952084,79.3064596924142,114.291528712453,72.185795189652,-8.7377802375427,-25.4435953309413,-235.536657802382,-67.8293326940423,-21.6258810146178,201.709945020131,138.154121374956,70.7436574740731,-5.86097796249658,-178.794716515513
-88.5394587782131,-87.6087989246449,41.1328548016157,115.021473999662,98.3506097398716,64.2581494561857,20.6932142366551,33.7652518890644,-342.349011768143,105.371654959627,9.93904122864876,73.6063024891547,35.8232321566948,12.5116574992559,14.2996179071613,-101.659462420634
-114.243181504409,63.2775617442663,-44.0612831362309,100.172979287515,31.1441065245175,23.9426835440877,48.4633411746573,39.3710253251638,-273.538202394477,176.754879460494,62.8241256212318,-45.4312771422411,-67.5552340660258,-46.027764256548,28.1305770195606,-20.2993505949734
-87.6608843384692,181.402573340215,-138.913018727731,53.2887368330777,-49.2492371839824,-30.6006668645265,66.0494693409745,122.586320023601,-90.7234479362564,167.099924592953,85.0452393933302,-125.746639481847,-223.478031567544,-145.615281169576,9.92028519098227,-28.9093775361298
-3.40029055875645,217.174674007566,-211.022137993479,11.3123010432948,-100.902883951256,-68.4205545298309,45.6511612620811,94.8988486971766,157.594809489601,206.795752157228,-38.7442391922874,-173.740453843765,-278.45095943556,-177.729070412656,-24.9173265174871,-5.05638459580882
66.0132947388505,228.387569291736,-150.03247715443,-127.277012557155,-125.193705282795,-77.7228716033177,-13.5237711836165,-33.9917347062263,318.084298771457,131.276443315051,-103.936390890885,-101.072092924948,-107.744078899801,-63.7821804007665,-35.1339367959868,69.9574570687822
116.942409982574,177.22234999395,-78.3938858781223,-236.328458449604,-133.113939305026,-67.8154309658504,-12.4117806624572,-19.0018756887218,308.922668409826,23.1889573971507,-43.2678065458556,-75.6888924990847,-18.986009554898,1.07840393002196,-10.5354628101624,103.726328116883
129.628737515416,29.1779963814113,-68.057310447789,-112.023805648295,-64.7269013726118,-31.3762854322543,-12.4687259734122,-47.1073083730346,237.232351383541,-3.32544506481122,13.2858028153881,-97.888457238185,-33.0007959222879,-5.01457503522334,-10.1283503178637,54.3662319816601
82.8529215942155,-162.698778812107,31.7342084297197,27.9456483336294,37.7971166719543,22.3987912791832,-6.72240927805718,-37.7149589160817,65.3837057379282,-44.5542294054582,-13.6701781010983,-30.5796115006069,-10.8592239239424,6.53248575962465,0.968494130683411,8.82144545984792
11.478268256782,-204.266080227832,134.817188458439,49.6883325704995,62.5299153813914,32.3111021598528,15.433741567935,0.45550168421488,-102.990403361106,3.45406455131774,-42.2474350048589,34.0341345761897,3.5098828824905,3.07887415947813,8.46897477258204,1.5653564734896
-9.66482162733488,-115.631243816074,187.087670895761,-18.0876539555692,-23.06574362154,-18.9746515745337,1.55280797148845,25.5847380013956,-61.4752197657164,82.0105887102223,-48.4200343151185,27.27366606922,-14.7647054433395,-21.0641143129358,-5.27166224266018,-27.2712810756882
13.138246248063,-47.5525900023187,146.751969254664,-98.5945301761181,-58.0027552090265,-29.2758252611283,8.76595362722347,80.8473983280336,52.2255113650951,8.26555747225891,-120.471955258433,28.1585448957851,3.35727905038519,-1.67643491833246,17.2440836672434,-30.1478257562016
4.33621994363773,38.1857630099165,36.8635276607937,-92.9566246737399,-23.2508973627355,-12.6358907527228,3.5930597657597,15.1374317783853,72.5700069843696,-66.6070786023727,-74.3095348790975,51.1189495058745,46.2659185719619,34.354919489064,15.5007331887981,43.8157440260191
-18.1789085198092,83.9351328956253,2.71879638504529,-46.403617368859,13.8928505993944,-3.31763093423569,-45.5867497059023,-159.111133170514,73.0349841700898,22.8560574738211,-18.1910598297744,42.2312163053393,58.6958076393183,45.423704960036,-13.9706556638766,118.874828092054
-55.4362707678694,99.7021737716,-26.236416376941,-5.22636911531849,35.8778189017841,12.6972025916185,-46.9725057819109,-107.551705424491,1.14783804979277,92.3867964493975,-41.8851595950396,-34.4628981002548,36.5823411624105,34.7566653527973,21.8599717798151,122.254601551538
-83.568723934586,119.965662527815,-86.5072833209218,49.4120162565155,13.7827061829025,0.716070449612616,-2.75070347474239,70.3940168408776,-93.7017596688096,111.974194404024,-36.6255427396309,-109.415958913357,-37.2446020308331,-17.0658843640146,52.2096839835659,116.850492511848
-55.2423964460085,89.4858443869385,-118.89277573325,52.1787960991039,13.195994846237,4.45591281433781,39.060363693227,121.733541113917,-74.6652712683701,9.39409277238832,-57.6001256018666,-88.265760560087,-15.4835673814752,-8.46348992283748,53.9638287309429,118.722082794053
68.9166476398421,-26.8651669837648,-177.916618831381,-11.7886577659628,53.1817117155248,42.1544345726149,107.356606980736,149.697413056095,-16.7685360420277,-176.934069009683,-82.6649599933104,-58.9458572487928,74.1578755389081,48.2951696941522,67.2440184962352,65.7054413932067
204.010994641767,-139.128030861287,-209.242532601369,-86.1740966458754,81.5465121823101,66.5989660899504,149.066553707608,90.8167608129914,32.1602533244903,-169.67120518972,-145.592530553923,-22.3273098654306,132.948539052522,73.8731142779408,53.7510886407686,-20.3697661237236
190.325321095629,-214.383470892341,-62.1401867204116,-82.3189442379795,82.7966692754573,65.0029650187059,101.44677855008,-15.0856229656767,33.0271253176113,-237.265559664092,-73.3725183350139,111.368500034302,198.8906756931,101.252976156703,30.8443398545981,-162.317088747395
99.3958519854519,-237.376296454593,79.0634628613682,-8.68062580045181,74.9454089588096,58.2086351975312,34.3378813114813,-55.4042105178987,-9.79568348835781,-189.65122815525,-3.24835906136087,116.550506970244,171.67883264212,91.5330828843239,-8.82533475194966,-273.575471219769
-7.51734489262856,-84.605837227974,116.72229406603,40.794153362813,51.6904820406611,30.6060193508024,-81.5843608885828,-254.180721889828,37.3390207153083,204.157451031288,-75.8463080902246,33.7942656886915,59.0680874383035,32.531593964717,-125.302731076168,-166.315458766913
-93.359513335956,126.708455193901,89.2704901980878,47.528034083889,-7.96770497031251,-15.992024300399,-180.636700560098,-347.940562575359,109.68230198597,238.609618914748,1.5567312630177,93.9636191626239,14.2266320429246,7.6721810196982,-157.04043633884,22.4403363735213
-140.275940955976,173.706773195837,69.2700267369441,13.6281381698823,-56.6902913096355,-22.0532184538831,-103.478367226991,-37.5320310211707,-4.21957421178378,-60.944868970215,86.8751435097284,120.97286476866,8.46096102281433,16.0451473769156,-20.5257748172515,117.439843261104
-151.316880509197,60.6279443640338,123.808488806209,33.0445016872651,-35.4635336143279,-2.61642288987478,-10.6963583325749,113.979019641432,-150.468723292337,-113.415689726347,114.654949782444,75.7532823851031,-52.1630497490758,-11.3150015524136,41.3759548439628,96.9932856018201
-62.2841459521693,-66.947849886933,70.6363527811982,89.9728535981109,-4.57735201349854,2.76637700876175,27.3375536139685,110.451616424511,-197.424640766752,-60.9747889075685,182.12044984972,10.7486729390056,-116.28157470878,-49.4339975138087,54.7124884437005,65.840374880611
32.546859061838,-141.31728858299,20.333515282265,94.0396254539093,-23.7600650697565,-23.6316691820329,61.7047821753143,165.213409282802,-252.745054763619,12.4657803089098,188.112218626803,-9.29606639792522,-121.369490823775,-74.6408524440906,71.4151637963992,63.1821160831209
111.540303356749,-189.127120761021,15.223261421283,37.3880980820504,-28.527297924924,-36.5040844651458,79.7705334944752,145.815184338842,-219.587402971845,70.2862333701367,115.347220930659,7.70079416092987,-77.5990213999322,-69.5488912045101,50.1446882771654,34.5835633157399
126.299302782175,-205.433677634052,1.71535582031819,-18.7491184725886,17.193864688173,-3.96976521660639,111.036324065639,160.96466513334,-141.76893815517,-23.7543790679808,19.742166347103,-6.02124752195499,10.2590197749503,-24.2449910855784,31.1610950449743,-125.197424203726
48.8868079310132,-177.094964028698,53.9626140273617,15.969046506729,71.708067809085,9.56775422930826,66.2576887571301,37.447894596812,-232.645598559119,29.460602547562,71.3515450177938,86.6043053295089,116.457111258091,15.0623670564546,-76.4786889567724,-316.584354721281
-52.7655620448403,-35.0714179402758,78.487581669063,95.7700914439912,86.6642643898965,-20.7833933820546,-92.9366150736098,-226.555183576668,-319.484682667221,281.319135032427,226.54833848482,167.251983427618,134.513936227624,4.85949153270536,-202.982937084489,-259.049096372441
-107.431410971845,148.912041575744,20.2685824775513,62.9512231515706,25.7157913033473,-44.1306947765236,-143.586647196497,-205.997370074308,-101.440121212147,266.546491056471,142.737412766137,63.6483772998623,59.7524784051277,-19.7052455908965,-172.733023609888,-140.493062390091
-73.8412550181548,288.189492882299,-123.722223607035,-37.5521520008704,-56.5769686323074,-39.5348247043633,-82.2897392643067,-49.9432268180773,347.388257571086,-19.9485004719548,-87.4818845257526,-120.584048915928,-38.2005101440928,-32.3412226689327,-69.8152242368687,34.8591556857715
-44.4908279232081,351.397069184317,-184.862772221663,-92.1395335604787,-100.333464733022,-27.8422917169602,-81.9631009428828,-22.5910603160969,719.171994366631,-203.109700959197,-272.380075272686,-247.232691438301,-114.492213130805,-36.0342616946978,-10.2334300984739,240.228280200759
65.7211112245183,276.335883954818,-144.465160642559,-205.959191428823,-158.327337841603,-44.0162759135848,-42.6521013722031,28.8781941974032,797.285931440998,-274.577683708322,-288.463755888869,-236.216907669086,-113.801608215896,-18.9075259577228,49.8587980916968,250.114177336133
117.85234007479,178.595188001189,-75.9045193191005,-226.35758360648,-165.75128033863,-63.2701706589299,-13.460384662211,4.19554316742506,487.06581669089,-99.6904559738819,-136.296510321791,-124.426540397924,-48.9796332856614,-7.70957642094075,54.0553270389885,164.617425424922
48.4573101804851,4.90446186247924,39.3041331672157,-88.3437057622778,-66.8406110659726,-18.8512188835391,-12.9150098025476,38.5017763193682,50.5587312918594,68.3130582732317,-65.9937702191602,-47.3511220721298,1.5021527022907,16.7460190731236,41.709285362704,73.3641651415283
32.2447693701345,-192.611374775574,116.298331880024,33.446264490323,7.97708330773278,19.272735811951,19.2980791696375,118.465875515582,-145.848692547785,-47.5622355395928,25.6499620180523,0.0805911487325091,21.8528989495923,28.6662580251293,33.8632016863319,-15.8547557686277
-26.6703193417983,-156.060361481228,110.424576531948,104.318148133466,22.7211141789173,11.0010794784545,10.6297130513823,64.9747810997016,-155.249960956414,-39.2052925136565,94.9907371993867,7.23422440365979,-7.90232153109804,-5.57250373773994,-21.1492183105037,-77.9208555022766
-54.19910032024,-32.1159442194578,57.4674226573602,58.9803988794875,7.54797687664063,4.89024668108405,5.97138902143661,25.5823781165077,-70.0125151287355,-55.0953933810273,82.9891711842635,11.5495371218714,-12.8370431971424,-3.49218513641009,-14.277800521071,-87.8718494388621
-87.5838354942446,44.2439650445806,82.5259680491936,23.8974641510981,-1.29744035206777,0.611485593665762,-15.0067097435944,-102.109988750191,2.40688028449375,-45.3200463752964,72.7067823050632,45.7668315638749,9.01076493807881,10.2065594743593,8.85653000185079,-53.6501798580377
-148.266807303499,80.6941313560484,118.93666247849,33.118364322951,14.3716362848643,3.1980510994885,-17.9476761314687,-145.287789179708,-139.019595152564,28.2033238893661,118.319063270256,102.526724786937,19.3742853837351,7.77468216463598,31.9655476421906,8.40778796456291
-113.368306481704,-49.4415118447663,111.358083252194,79.0389064120482,64.7156458953784,31.9415840745671,27.8705016644082,-52.7991940136952,-479.167249665729,118.71786564374,199.951284730502,176.5175263089,46.9409970397576,13.8375168473116,53.2723894454444,7.77567208498084
-70.1581004461458,-177.917945616168,103.608709386389,135.942354463633,103.856268935666,53.2094957403391,51.0232242290976,15.7815709227891,-585.1786486636,245.815998671195,127.506968267471,91.3906082021159,17.4356705376665,7.77696096866205,57.9443831645784,5.92489064027033
-39.1871493764318,-167.803800399204,64.1464389989758,101.795035699931,93.1068192216944,49.7333171528561,73.8949091368552,61.189678620258,-261.421367462598,142.536845986227,-74.7059044651621,-79.1521981856459,-44.7920901752084,-5.25747170081078,80.1261640728165,35.6270682940137
-6.45980114662748,-109.244550351675,-10.5588521583181,71.7092786452841,75.6117085800113,33.9296901634946,63.9653664496802,62.7613689351537,129.202659800666,62.8796284012049,-312.814858394191,-192.616387736287,-120.751153435481,-37.3231311944108,64.2246725357452,58.2609704122511
28.845849957135,-13.3742072886831,-92.7186076181441,6.5658974892814,37.1506860186376,20.4245048807326,21.7260381632537,103.643987874367,333.496573512228,-117.615260744009,-339.059119065572,-142.483450340893,-82.1866633125085,-14.5242150389125,39.9212124744073,22.7576740216587
29.0397519537609,138.433479697255,-191.278734450892,-63.616824038601,10.5363683951489,15.1663799397698,11.9343136110007,59.5357706369199,331.152538986075,-243.226489823749,-179.195201355696,5.0135350522761,-10.3320513103191,10.285580687099,4.55924733765273,-48.9397604631037
53.3359876951363,251.194095734265,-300.880321521097,-108.557461347288,-17.8594619396239,1.17289946899515,13.6694447264255,37.3129367358606,236.676264376563,-138.491006714046,-69.287585105419,53.7355657746971,-29.0088988001027,-12.9360518929583,-14.23395976773,2.88396752408016
102.000286876034,193.810828215321,-261.28685508464,-134.725130641286,-55.7575565277045,-2.89093953798559,14.9072824441826,60.4675960007423,187.50568462263,-123.037202603109,15.4003359923897,21.020725357936,-23.4830584422348,-3.82845983784253,7.29482549818965,26.123648483312
104.76821072859,42.3500355996346,-137.283841919341,-81.1681061504189,-46.9469054421741,6.99095854808389,35.8823587476899,49.6771351519958,89.8522357492699,-135.873265828243,121.690677383469,-36.3000844803646,-9.92635444822728,4.10196451529723,26.1286039821339,-19.2841629474614
111.776609557302,-110.614749557276,-5.13831779158259,-23.4556683536281,-45.2635155524668,-13.1188426670451,48.6241735032372,62.4428303219545,-124.489792217726,-12.7112943402513,197.679711756955,-33.9233058835018,17.7051431069661,2.79267455848088,23.8969217776598,-53.6111505000524
61.0930010328737,-184.779599554797,148.777403826949,-6.6021245089092,-34.8578854729261,-28.1161557557263,51.2748966512445,50.0829323231111,-296.236449858963,185.905631602154,87.8427893079473,24.0018019258144,33.7002879286363,12.705212686945,22.7216945227692,-36.2313455995283
-6.33354977807058,-136.985091461798,181.908493501604,-22.7894863262772,-20.632138247491,-22.9854200058256,55.887618338825,85.8379773009386,-277.649793743882,144.528298733286,-1.48565527032353,52.187784996666,19.5760135715638,12.6781825157825,37.7890113704171,20.1298728100116
-31.8951963411486,-35.8190569870294,137.695489204856,-20.3337918292895,-22.3329766576447,-26.9604294651946,-12.3998249542335,-2.90976009481211,-92.071760464629,115.887183180419,-22.3287176138085,41.7252593439703,1.58469381306691,-0.643186773289443,-2.15966071180857,-2.83888509542049
-77.3570588014567,55.1115320661219,104.520161089075,10.8912750806145,9.35658034754409,-12.4327893350155,-122.572802141342,-128.156944311669,15.1210830452923,254.46431244642,-94.1621308454233,-8.17010411435615,-22.9334007345373,-6.82220126891977,-55.0059212313224,31.9492016442274
-94.8382582443486,94.8981857540685,33.9459454991654,31.5646012270127,32.6348713860777,-0.00699091519575745,-126.084504398619,-71.3888736909421,8.12826276928791,133.853315265696,-66.3590835313355,-1.11513876319805,13.2935590751851,15.2011900638715,-44.827436342742,59.6675252596928
-47.5428990745763,101.020951574909,-78.1047734444892,28.9009668997451,35.3337563624043,-4.13823511179759,-43.1939826688188,-21.8202495444894,-3.68533868850945,-147.411652940748,52.5947560675139,113.534341845084,123.388356924951,60.9325656528534,-39.9115084030299,-59.5473029369655
21.8299282845839,124.310887864955,-192.335220231207,52.9306670962821,13.1622528462836,-30.5817679891021,-12.1695515569034,-113.122348813542,14.181548997759,-136.435245668669,243.600303402857,98.6029278481118,100.108971629558,21.468945531722,-106.196989224157,-123.545273428814
65.3443468291201,112.669052717773,-209.802382723181,33.3821427358925,-18.6568530879817,-25.0771740104652,-3.91379880991997,-123.045673110285,29.1535884666669,-54.0711137882287,307.969234592488,-28.7850531135476,17.4353190613016,-13.9594088383221,-78.4939429497633,-9.24001147573961
38.7271669145671,21.7064634408317,-32.8254561951215,-43.8893613740973,-25.7082347001639,-0.393148106274147,16.8939239028214,-23.3359989633613,-8.58776328840634,-30.1911392505199,165.606266616585,-72.5315529368079,-8.39603803274217,-5.13290082987812,8.90297254020265,96.2723962988199
-39.6136165965433,-61.7338710236445,131.913790172134,-12.5545491670272,7.79620422571008,16.2594492648399,3.20677875129834,-7.33911961529385,-15.7701857167919,58.5038332474438,-24.22454284195,-56.6188000379524,-73.1277817437773,-38.954238374137,22.4494564365525,73.0431514135034
-26.1763226784454,-129.164687345857,148.520746287674,3.64078050358697,31.0191621901348,42.1394711636495,5.46236701073764,22.0443910320691,85.1722879375824,10.8817287155283,-250.84362764801,-37.2312161975829,-52.3318523348896,-8.33442785382698,58.4383889430885,66.313388412947
61.2738618949598,-177.440718851629,91.3874713895732,-13.8808328798334,40.870234097178,42.2772071235165,8.24364070933794,-2.43942699828305,133.837562316799,-69.7582626801626,-236.540037784595,13.7374446740249,35.0016261951569,34.3847702374381,20.7695258172575,-15.6837544854343
115.476790334261,-133.963815931299,-66.9776975749531,17.6335182075784,62.4260043952556,36.0817845704921,2.20231361560019,-40.0465203730999,26.156213000269,-68.0669792653928,-18.2106484108447,71.5583141408438,64.3128140931372,23.6470324466695,-51.1906363901068,-84.6624121226595
125.715875833679,-56.4590242408869,-175.344706065952,49.2990492929777,33.4308888321985,17.5978820178878,5.92136261077181,-47.2950975666431,-3.57482542790399,-28.2804983558954,57.473267191732,43.1516675431674,41.7350416646618,12.7892648351115,-40.7314054464815,0.0746983831006673
57.1826668041194,-91.4089657370065,-29.4129641601891,73.3005400391633,20.6645716000155,17.6549436137899,-14.9885475077774,-80.5291182646748,-23.7062915542691,-65.9251821159052,114.347953008576,38.5063901860208,30.6048664677577,22.3120060877293,-13.8601215314843,18.3635502315239
-47.6138153728047,-89.8685581692678,162.231866678449,35.2262616151735,7.75100475237041,13.1582346815313,-37.2181870558134,-43.4022400137476,-56.0915481935515,6.39095036256612,18.5541534632044,28.2011370518467,-1.8842820501302,14.5777773941839,9.2796701230539,41.8633102153948
-72.3840263777657,37.4843143216691,157.575868121361,-53.5802919504537,-59.8791303604147,-23.5087600840783,-31.0813220283651,16.1389430806239,31.1071389962344,179.193534111599,-144.649175749841,-80.300644179536,-72.337095871216,-15.537125174813,30.2875295662337,117.653963439128
-25.9966010782281,20.8360579521962,104.408981515119,-66.4270333667829,-55.9719826072413,-19.7745085470847,1.20877539037858,21.2165543044309,43.5183922408172,72.0404856811172,-79.910549871543,-50.7827451488163,-35.3201717962294,-5.20999061451835,39.9932671449144,58.0817471570456
-19.2011725902027,-2.94779940276446,49.2778038792602,-39.5687604350205,-12.6961396253328,2.66186529662986,41.7857142205836,33.3888562926716,23.8097113134127,-55.0371036111623,-78.7333054387134,31.1568211383208,19.1758008031515,4.10216554118574,32.6251730243417,-41.1644165748188
-17.7499990734999,69.1235874035903,-21.3774444930766,-49.9673079977591,-19.7400881726289,-23.3462851268104,49.4141977475912,45.0192372414989,48.812234019781,-3.39605946219703,-104.283396972239,9.56688618820334,1.46450155034226,-18.9388942705778,14.5208462977994,-13.6157300324404
8.87097070382153,48.4487415836895,-44.4010494863772,-16.3585971348503,-3.65237451961883,-49.7076010414892,22.6824535153598,13.6117657755795,-22.2604342739949,-75.4194265578487,49.795486036887,84.3019181038638,64.5108652497734,8.80024291832349,-0.250921290585424,-3.81576309211823
22.0691545080141,-41.5612468424293,-64.2105558002078,46.0957328991701,42.4701506017266,-18.7929126055869,23.8082368914483,96.382032177334,-217.169281562164,-194.055602349337,195.885256292979,171.992826125926,129.712135837628,44.0714619221056,2.75646310215851,-93.1411114643955
-6.25712074324724,-102.530196273423,-34.1611322915231,92.4140479813907,78.2796934360094,34.104420427429,18.4772638352672,117.233319300879,-307.198589414654,-11.3876690910014,142.699841445808,63.3784708527201,60.4058553006205,10.5209669173921,-33.5254046934235,-172.827251344898
-44.8962332585698,-75.8042932174864,13.0039375508513,96.2867696364865,91.5868572703437,67.2272352392928,-21.9513248005492,-54.1259046619616,-89.5549635277712,125.296171987358,-36.6133514557986,-67.9313568010363,-4.9313978302817,-6.80071991047143,-63.0070461585611,-117.047900470045
-77.6465118985688,20.5813869932367,6.36829318320794,88.3499728581141,60.0800108802002,44.9036314202415,-46.1935421111164,-144.516694924378,136.200457858193,125.269915658458,-144.575042914271,-111.379880480758,-77.9302606480952,-34.3565230654282,-40.3067591977492,-9.5893027723007
-104.975374874835,126.152607828243,10.4748912689318,43.5732136525798,-12.8739574519925,4.49124197111654,-47.9472086881618,-112.712750262469,179.017643927044,117.259032121244,-90.5583100914043,-123.888025075518,-139.499385040924,-56.5637438787246,-3.88517353806654,48.7064159792283
-96.916461881973,178.992531887272,28.5631761615802,-29.7233301600956,-76.2879893754047,-19.9177757635321,-62.0564771068371,-24.132113592867,155.438520046776,10.9792113744473,3.42722975497765,-69.1998584184254,-107.665871063151,-33.1929933838671,31.0685000843782,102.127678321568
-103.831748628422,188.787645763764,17.1721924328344,-26.5827334838252,-82.4312073641116,-35.5416457679147,-56.3524657150081,51.6925271026216,97.2675643166233,-3.77470776421563,18.6695540606962,-53.5096311067193,-96.7221575830004,-38.8752044539413,33.4707677992773,109.02736909596
-94.685006359922,156.831947532132,22.6647004130237,-5.13937320392867,-80.1150767299803,-46.9112671433222,-28.5730935461424,41.56747377105,44.9783509936612,20.2833662956639,33.8488577855998,-53.4739209025471,-66.1283329490732,-34.4611615448803,15.915764101167,98.9759275503732
-9.69931070480932,98.7671103422551,15.279255444935,-43.7845356587571,-92.9374058349229,-73.4913684585498,-1.96885528382747,22.9337651044984,-10.180273488763,30.8648081922523,87.2985643008566,28.3586293242169,2.65887256207344,-18.6460985627511,-19.515880386273,49.470937582922
95.9223438616264,-2.02298094910807,-64.374475096433,-56.0393581555458,-43.8152917490507,-53.0883348863145,50.0315405559322,28.1229077857959,-72.2500239334636,-24.1043352725051,88.5091784951322,103.02216991045,54.3104719338888,1.23965831075279,-3.36387914192841,62.3024708374959
179.079019032945,-161.841059410304,-120.657795767609,-30.138303363973,26.6511552465789,16.3363740701381,91.4210616389794,122.819321875878,-144.776118068505,-146.607803873707,34.9504455695221,107.658254772739,124.332878630088,51.3626332673744,65.1695407626309,5.14029492131237
185.077520676596,-163.453716537947,-100.935108943809,-90.388833377311,1.68840611682153,37.813868213764,105.115508585846,228.822267019024,-132.62717412067,-209.376605960229,41.6947191836748,88.077700077708,157.453855832422,60.7133874901406,62.1622253701074,-255.980269544947
40.8988663465086,-45.9398672594197,2.24616503729977,-84.5782442260677,-8.39890882487655,26.2966712060159,67.900113120032,152.121320217345,-27.3991525116301,-144.706390680062,-47.29790937336,40.1877902008448,101.127025982183,39.6198572311309,37.890384112497,-243.020972827791
-108.99497276289,69.9253513144367,89.3006036304599,-9.14749962932663,10.1130960362559,-1.78214479435044,-16.195180320628,-36.3133298037615,65.6093529118264,-9.53734597517285,-110.310066455132,16.239158721733,46.0954646606427,18.7338929891356,-29.3665828388268,-107.573519483663
-146.528720256362,159.035583969814,113.99070797383,35.1397951831323,-22.2427654140859,-40.4830137936017,-111.448226851907,-248.339313986298,181.465106943374,28.9809973101765,39.6175084788759,62.4863879712796,40.2157395467513,-9.05193768702628,-156.720777369939,-133.458282354874
-130.560894082886,121.746587548641,91.5138949147808,95.2930655173333,-15.4008837271552,-23.9274256996855,-144.274684376448,-269.472296071863,177.697608643404,52.0687453597501,54.5894576919523,6.86656417363622,7.14601505087035,-7.17088914400034,-122.29908262584,8.2176896212799
-42.5631160670558,92.6507377164196,21.0122812310355,13.3207165178215,-54.6522106266064,-19.7607122687853,-68.9829864092502,-80.9464847949339,100.109362960031,187.152041048881,-26.8556191176369,-139.004778837147,-90.4412630292407,-34.7707420648939,-12.4312434649823,123.889069447676
72.3661652376017,6.17084233835897,-33.2030160569838,-65.1303522938215,-69.3391813645123,-22.4728439356791,42.2401770244754,50.8538554685408,109.210174111311,161.931150018313,-97.5646256301548,-192.709737895478,-139.484687992837,-53.6378128280234,46.8385270310731,153.46653798354
47.2516158998332,-63.2802519013587,-5.64711650995812,1.6514697431422,-6.42030225191419,-9.99961646052811,60.5660348076286,6.01499330290476,95.8592497050443,3.66624000979488,-75.3199738237984,-113.139014081881,-103.590481800543,-33.631450397254,54.0144610139281,209.345638515887
-36.1212067996912,-52.554580399909,99.9606907042256,32.7516696700339,6.64921567306133,-15.402723947791,14.2975605535788,-49.0066059074995,43.3944655384916,5.66208151494251,-3.63809131395016,-49.1984664095594,-66.4426480054052,-29.657230057196,3.89885899328897,63.6607650483036
-26.4884220166678,-106.061460172645,99.5042374599195,61.0453980034657,35.061760843957,17.4976739439241,-14.7101256782204,-21.1078900971852,-10.9891020306124,32.0658237554891,-20.6772309097984,-34.7073393962844,-51.5985114654293,-20.9790863703493,-12.052347848863,-24.3108833919143
31.5567880210219,-135.841791680756,-10.1178224472149,81.4935325172952,90.3733982300216,62.6788520551055,-25.6831510631309,-53.0861543965219,-84.1193473722251,46.487401418478,-11.7792726576158,20.7680762080394,-17.5386049524369,-0.469941457251118,-10.4559203527502,17.9452019417317
200.440933763328,-222.527192223958,-159.584325120033,10.3259776468495,104.318910179755,81.4770499276981,81.4244062378226,4.963267031096,-190.014864867944,-9.94140023139866,57.5526512430406,69.8673711675879,58.164861910152,36.6682083445231,23.5973582152995,-70.3554844972996
