30.7551713094508,-12.8070733778399,93.3002456324816,-55.7327455666165,-42.310623647476,-36.5385102208342,-47.6495441114468,-93.221109286279,262.779447774252,209.954908968104,-161.043230070193,-183.990338500038,-180.901119132915,-10.0276923497831,27.0890633826367,-0.360412026483345
-72.555186277088,355.509874852275,-95.4882484405041,-156.616355564092,-124.574421713714,-60.7493463726991,17.9218952536099,-41.9061756090822,347.419393641857,146.088925607371,-157.554243532271,-233.174586739218,-186.222080405549,-39.3822238251003,78.5179562953589,127.878709395232
-19.8504590157524,388.250214738599,-247.028769392682,-183.477842465851,-112.461942986437,-35.9029941422871,107.865719179877,-7.0334269386683,202.850722413568,1.18047167388511,-25.0552761003672,-82.5934713868149,-73.6936716120851,-32.6920946154374,44.3126724033612,87.294600791789
14.1280275656897,142.620078290314,-149.199533198375,-57.8260350932752,-40.0947182965317,-18.3728360329338,98.4818975507859,6.27617953212913,-43.5360692756947,160.298434108678,22.7148548479504,-40.3768909448219,-65.507216760233,-60.2046181697743,-25.0546892819235,-124.681901100936
-69.1598125377533,-21.0008137952912,25.2239696884389,74.3944975056676,44.7885442069161,12.0413154021568,54.3230150478208,-38.6119764568081,-294.144649015677,218.83357346107,89.5896712798412,52.4171435098786,7.4367117701143,-42.8747023129925,-38.8647833810574,-323.905061199026
-162.824587103067,-78.7262301856099,144.873307404039,148.708788015077,87.1786183027102,48.7649929559606,58.4725131359066,-110.197796220952,-317.058429174101,84.7401276353283,114.860512108436,108.211609242249,68.5864419274885,0.399755615838586,-48.9171233845928,-445.275652245596
-231.61500496833,-27.0210073332244,183.592036857306,158.567500465589,68.2385999476374,70.0000702545272,28.4322478241655,-97.0095566527983,-180.498876419713,-109.399036425337,33.8637275983809,99.8897008117168,134.576690265127,46.8314666687063,-29.7656478432529,-314.33951786837
-235.6880632726,54.3032054339845,158.91118208256,133.062066201028,-6.53106355383153,60.630087673175,-52.1556355692292,35.1259792562767,127.660071048072,-255.516762105342,-181.121460744334,-20.4453216444159,112.78553140702,31.9424789271496,14.5155664822011,3.01824136990263
-47.0044573609527,-35.7289809953021,66.6443467526672,59.1669886809444,-53.7844110396063,52.1171895116004,-57.1294429013962,124.96986154628,291.381055965484,-320.586133018688,-227.343235316256,-87.6012569452854,66.6290100508913,8.81046050466227,57.0414936649555,221.265821713705
141.934752202143,-172.354514686483,-3.54033955587767,5.17431121294779,-41.4540701143229,42.7931806851879,9.03507895936653,23.2085261536101,49.7122271476972,-162.721379563509,0.941927831414549,16.6394478598773,67.5334598126154,6.48837505544817,41.1524371424361,269.965327039323
182.73793774066,-185.685036054384,-34.9150834412064,-10.2970998504339,-45.4482612949082,38.1125951587481,70.7828955997118,-48.5064986710378,16.7495858554114,-106.769634641375,37.1077915712245,18.4159245221734,20.9043705145248,10.2330495331484,52.3857018811544,357.27472103496
263.286301878478,-242.02118043462,-111.948533845584,-31.7202022080448,-38.439590954448,41.9412236362393,149.453238367571,13.2890024559472,135.460916489431,-161.571081143427,-38.7281273373201,-59.196494883492,-39.2352752669576,-3.99313647487628,21.883820485112,310.826993587187
229.876901067356,-218.916012205922,-128.27179776812,-33.2204987660876,-23.0117158276805,15.9242291954363,144.964196045658,211.003288597154,74.797830925425,-16.8039980106305,-95.1930079972857,-134.631493613431,-113.116802988982,-56.3423039959782,-35.4226630195783,-86.5966363736239
116.954594540042,-74.8975263227818,-116.30009616251,-57.9884001519723,-15.0822786609101,4.7708165345872,75.0929913637763,305.975469242176,99.2244333040986,13.1050614881211,-179.802347852912,-174.334423791732,-119.022709013247,-48.0112985613393,27.0592795058786,-233.41156939464
124.932623674867,14.0156870366449,-117.598557173108,-109.76796992769,-49.5378906111516,-22.8948054486106,33.0185430629427,164.410231321951,121.182155549849,214.09978106991,-193.313245318569,-194.636864521257,-140.989219800145,-53.0640449001911,50.1100386592894,-57.8968809839474
-26.1020991021497,56.2869448566046,17.531485092513,-22.3337337611152,-7.35777602069229,-30.1943273554611,-52.6603644151627,24.7153033400508,-28.0256585681488,225.699121589833,-53.8983834503217,-79.5871133723029,-100.49075960088,-25.1071617268694,32.0498164705385,18.2402340930658
-233.126691417722,87.8654601139261,159.614189321973,103.041492878124,91.9434977752626,-30.936082570506,-117.90744891329,-53.5932350359061,-122.575847244761,34.5795005868388,64.1617099080125,49.9068665775354,-26.3553535347086,15.7200427607205,-21.6163921653541,25.6554323506425
-212.209013835803,42.5260493656653,163.006423777224,126.048144452719,124.553765209459,-36.467901046782,-126.756593322212,-108.455209816199,-131.752626182611,88.1241564105514,64.4397068100683,62.6952074424978,-2.43730921977334,13.8388395906732,-111.38953885294,1.31505835522239
-105.67399937361,-66.0916725753939,99.6200870911973,135.475557902921,134.040076612258,5.85852462916435,-88.937944639105,-132.909671752372,-124.174031990048,32.1376619010964,72.4000891549742,64.7446558675983,24.7128978327348,28.7142288365505,-71.573419857313,13.3883360534311
-29.7879366899646,-49.0511927890684,5.93529789248746,79.2489369758885,79.9225707514729,8.17668352056086,-16.1857016264822,-62.3667811804297,-70.834692311348,-136.06399191274,108.562132838658,75.8857352100413,47.7664180713607,24.741969932268,13.0338385013592,81.9168396794693
46.3079596535101,-82.3894853679074,-11.8632439321253,12.5885677040938,46.4575599712265,3.05143652344442,0.25005137973826,20.9609389101742,-179.522634540356,-203.707387156889,197.76895967516,181.944850078575,139.998107532679,50.9826548748193,3.92451087120057,47.9599759275536
73.2665208665863,-183.438749152048,67.1567572126038,13.6007623304828,61.846001377337,10.0435205300915,24.9263123918103,-56.4139389144364,-228.716320670397,-64.6823226698115,172.000386499518,206.817445122301,144.216420242727,46.4849874069799,-48.4467187064246,-186.401884830199
-8.62078072480032,-83.4274203391471,113.161861717293,-8.63699403641264,39.6227064333853,0.00646407275610272,53.5131565295195,-156.631950602431,-48.2471519387906,-17.6121121542531,53.7874746975509,119.926905550485,80.0769990353184,23.9800835530933,-28.47200945571,-259.994266261397
-33.8991235427184,-66.453899570421,106.383707906441,19.5691926952818,35.0248586696862,5.52710106663638,27.6168464235346,-112.935798868053,1.63303188080317,21.3973314804264,-28.3773434234852,12.2666217693692,7.7334681398227,9.75611802592979,16.1228035787794,-73.3620269189478
3.08221883386163,-33.2140526068625,2.44158623435335,24.1748181311867,29.2904206946745,13.9257394094733,-0.0885910603591611,-47.275432852267,-43.2284398974734,142.536396236317,-37.8231432764208,-62.3822848994715,-37.3176391931969,-2.63580621495166,32.1468330992975,-28.4090228731187
24.1877852796702,37.7359133141348,-74.82691387204,-15.0579816035272,19.9894988638996,8.92949369911984,-28.4302244809292,-9.55695958323166,-94.5571497489117,86.572324159481,70.647024190655,24.5567989313486,22.3205078346977,13.4791864663945,-30.9630740778245,-60.5309651630865
25.5515372299486,37.9695977168982,-58.8019914085889,-14.0082896106736,6.92516478179985,-16.3219936350277,-42.0257862634269,13.6307826183265,-55.9721295585371,17.7953393013897,118.77508363596,58.7401332814469,5.72673867848167,-9.04346869908466,-84.2540164205223,-28.3654897694621
-71.8963177753518,170.659320346864,-37.4516541987827,-31.3269605294724,-7.8062524608022,-34.55963934572,-29.0639193202649,-49.9853264563638,-15.548122038269,18.0012516578767,111.698751165089,53.500119443907,-0.992517482393907,-9.17562522975444,-41.6732843749004,-49.4624787886323
-141.761377459771,217.990680718214,22.5506881209282,-17.713423499255,-4.75471873425123,-37.744915949646,-46.1748025905811,-148.859334459538,79.6654300197872,42.8342097272823,41.4620595478355,37.7356694855008,-1.54263715537104,-6.35190334654621,-74.5385228924652,-56.9033676406396
-110.507546432692,204.118498275134,40.1740049258186,-38.894169542227,-45.6400782539608,-51.168264767106,-57.5724347604692,-123.051909343295,290.511345324075,-57.1223280873534,-48.6499419737702,-31.8844849039255,-47.474079444648,-17.2266241693655,-48.2851155481413,69.1515234397788
12.6144475016186,120.203388463786,15.8731224251922,-91.43031574759,-92.7249140112205,-63.2484995898828,-42.7687229244958,-38.6439501829156,280.85378586883,-77.2877061302366,-11.4412092491836,-24.1095432531022,-50.2371204595346,-18.402344554451,17.0070557165617,40.3555972010043
61.5170390023262,-34.2288976967567,4.66712252594197,-35.6977431441338,-50.6777897201031,-9.8008378227558,0.585010553310994,51.6699405721454,12.3732829832259,21.670295544019,-22.4664144040301,-39.3421462573258,-50.9062743518467,5.03648107740724,107.774576624675,153.367583989712
10.6496486832107,-62.0855716379329,-36.3087726224575,13.6264890525446,-1.49894507128556,56.5248533845582,75.4097144981864,169.676677280843,-285.243530874171,24.4965916788285,-58.3322891713357,-53.6847851302234,-21.5637500589887,50.3417153537361,237.081011850157,469.466584488559
67.3971954023916,-7.99982905399,-135.201297056495,-58.0638839251171,-45.3292426577787,42.2823152425899,145.387115568629,251.826428628389,-174.649900739799,-3.39181558851286,-58.7001389342466,-75.7720933793866,-43.1422326822551,9.509838835609,166.519445319974,85.6505586942387
92.8922553794495,8.8356589573238,-180.686026013776,-85.6155460598283,-36.2536451920636,32.2258217941362,209.698313426894,193.599229698989,23.3771483813193,-112.435991686779,-43.763154544854,-55.0437915053806,-33.798947524605,-28.3496818477284,62.3323174195896,-415.029496992892
58.7992890200526,9.43681210685168,-138.990872439026,-66.0343154996643,12.3873512551934,30.341531358882,216.503005283983,8.8887006128798,11.274826870001,-117.06496886566,3.88310816105451,14.9152881996919,27.9617798279383,-29.2664046430723,17.5760611089119,-323.693819100335
34.4151748871082,-6.77417221590777,-71.0367302900498,-45.8544259056891,26.5332482862659,13.4056750061027,155.625783953568,-36.146305704313,23.341532280193,-104.416034745225,-4.51716669818438,18.421321947813,37.4945246018839,-19.9263892343622,-13.2637349131307,-96.9757382132302
-0.520490031970508,-48.7270437564064,29.6522863578792,19.3198978986124,26.7666709386652,-10.5563712284169,4.15687586095699,10.6868354472892,1.48576872048343,-18.2363158934907,-17.9886066210744,7.27690021595184,12.1686685921548,-10.8353984707501,-75.8295698864117,41.1464292100557
-30.7270553281798,-25.4171137578985,71.2576800296373,62.2593677474461,3.05183049747231,-27.3286136497645,-167.578411481446,95.5439905701824,10.3137883307212,113.745498771436,-70.9429712625435,-32.2106104459037,-38.0951644455067,-12.8806775124501,-54.0352404939256,68.4360807509215
-55.8709886111099,-7.63599601397227,64.1521741479615,84.670502950962,13.3411127021906,7.31166526918224,-196.039673635949,54.9370663902186,-54.7197288932726,59.1554069048145,-27.8645709073775,28.2979970103958,17.0874484558325,28.7906327535059,60.4795539609998,46.6219395856142
-76.1270183404915,-9.89228897501769,79.9131365547663,89.5618896710243,40.5359144856151,36.5923368481884,-136.029617651024,-118.177421539459,-94.2926186649765,-22.9816081830721,75.4135936812607,118.370593978966,111.00198565505,55.0783759263301,39.3025423548308,-27.07177535376
-84.4179626924263,-51.0652172327582,118.005091869303,105.953212175702,57.9210714730396,29.5927967270894,-105.340748587348,-146.871987450512,-28.6110922944694,-84.0222122207714,75.4776062428452,101.284247234385,108.726795858379,45.2553288475469,-85.4152753962769,12.0207077456372
-52.6585623536919,-44.7475139735278,110.716858044275,84.7204871777483,19.0495071444731,-9.95833621784389,-103.557525014846,-92.9486390894739,93.7073791651136,-102.359536091143,37.0764310919609,39.3291257187193,44.3174638553681,16.4711862326448,-171.069059645663,205.276747845414
-14.5648224048372,-3.61450363782877,68.3757583483508,20.9650701129786,-38.098182924812,-32.4498548713331,-79.1633260093905,22.8039839665209,205.843954529562,-104.199253757737,-80.6285715844514,-51.7109008290728,-27.3093405562762,-7.57625188309788,-56.6834275567218,299.124714839552
11.0745913972322,-26.1431157782474,35.6427494378118,0.662396641228434,-38.4698623209901,-13.4698814298644,-9.41793448887275,58.9318823126462,143.501369360417,-35.4436011006849,-128.291983896766,-101.172868329875,-68.2201268454319,-31.9805581298601,26.048237430013,329.629201297019
18.9728069404972,79.7855366316958,-51.3235283113364,-69.8505512891441,-65.0634387862849,-20.5844609845297,51.2873480635973,68.3905581422521,150.577035546975,22.2538536914926,-154.357641212059,-135.129421183705,-86.8725568584401,-49.2472703935772,40.5519799770161,367.03343677738
40.1111808627002,141.726778205895,-102.782981658026,-113.601060022298,-72.0101718065748,-33.0840862456018,-4.09770781004284,104.003605882253,123.867455805887,60.5428982038884,-122.173598926125,-95.8486434513188,-52.5347587905363,-22.3338394212381,69.8679096261875,209.527106926445
122.162510355776,45.1461403217023,-99.645287263052,-88.3597797550114,-40.79326451171,-34.0138440223724,-112.333666949822,60.7265851008636,-17.7476209348557,131.35711392571,56.4959696650286,19.0820418078445,14.819573566504,9.51952700401037,18.5180952451957,13.8280611343872
140.527136611062,-10.9848980647585,-65.6140559553572,-69.5309768277725,-38.2934532047444,-35.0345259445017,-127.190642360693,43.9224980396706,-71.2095331870765,171.500739272034,95.0086978578059,46.1171245674318,16.6740200160141,8.13684700600938,-18.7067678891236,9.17257282794844
43.136348024715,12.3908075951609,-15.0802620583066,-23.6794690197031,-22.9989035927658,-20.0126617356854,-87.3198623225561,34.1356086882419,-23.1583146268457,148.970102180726,17.2940867212478,10.2680052174142,-22.2094739680469,-10.260603501818,-47.922986159192,-95.3383741760268
-31.1183263757812,24.4249256423849,0.689940014691157,12.2744622970711,1.88544214488053,-4.80314721940707,-18.0891284204007,57.3126764630183,-2.06520982118768,103.903426598355,-44.5177527958074,-35.9593230016375,-47.5044406022681,-25.5766562012388,-45.7269982192587,-246.210849640928
-87.957190961876,9.40865183692807,35.5893837300791,48.1818526154334,25.1116122518852,9.55027126669827,26.8273864422948,69.9810790225926,-47.649512597868,66.3798561142856,-52.732196915792,-50.1445967714475,-39.1555782005186,-29.3306905250382,-22.8568288202489,-326.874248059531
-132.468631174602,79.1415211727627,46.5418395166531,60.7579216010348,10.0699536787627,6.43449800261354,1.52544952180365,-33.2720210752877,-60.2615028889171,67.5246503189881,8.22810035339455,-24.0093547528819,-10.5167810012673,-22.7927566498315,-1.40002439132991,-169.089928290182
-149.438385732963,126.259360340764,51.4790396500974,63.2653692222502,-3.67912339581504,-2.40685945177054,-27.6783506097921,-115.916559150765,-72.3400506041363,60.1488443250697,58.6773517215698,6.72741911922947,1.02841172139563,-15.848060249785,-1.07804707999765,158.473598365574
-121.845984587308,81.3882791938643,67.6099528897993,61.0127837125969,17.2825261906082,-7.21913922334623,-52.5226073468509,-128.089435208403,-36.8861509555578,0.0818915334338328,92.4254625123273,37.0929133649696,6.30692941350713,0.551889501016092,-28.9513088877133,132.64253975492
-0.494368165951941,-36.067232509182,34.7889708462171,19.5577803692462,37.1375860002898,-0.449063203795665,-22.7089134956646,-97.9560417391144,-32.0887235271698,-6.93627742973599,73.8128032246229,52.1712969109232,12.1399499915877,25.7676102119051,-5.62902479452893,12.4053105275344
107.516556552183,-126.314114197188,-27.4680198359486,-26.1069106302311,37.255834772926,19.5634956094634,54.9929833856413,-22.6799146425943,-36.7558479070127,-14.9434268041981,11.8874438363211,24.7199464124899,2.53679201465203,33.0229548796594,49.4351160237794,-52.7999322059938
78.6774035051547,-90.4447022644082,-45.1411482549744,-38.7362980622942,26.8902813030624,31.1721811294136,120.081706617777,5.96664396033512,-29.9857774588143,-22.9497596467131,-16.0094067120954,-6.89862322806476,-4.5852389951292,19.2804685825754,66.7504627608507,-237.389094044631
-18.6826995602281,-2.33330682354722,-25.4399784676455,-24.1770188715683,21.7329679547119,34.8567500078597,158.444399124503,-27.7599390332274,12.1424426156512,-126.949745529144,-0.457677881854011,9.93738604163917,17.8028144181006,17.686663778162,47.5332913159043,-326.380130560954
-17.8558442768705,37.0879388629831,-48.7445623652626,-43.2602150173452,1.99823028954142,38.678413436179,183.358051654175,-67.944755283678,108.533178761118,-210.445353741403,-7.85596722422866,19.1575822257461,39.9745233747422,15.7947440282133,65.7147094660533,-379.240625271588
29.5317092071767,-73.14142557255,-30.259513505033,-26.0797107340186,26.9783598135617,72.7952515039818,249.053914498795,-158.633689182115,1.22932632392209,-130.142940557104,3.60732614373057,47.359852522032,67.2399193701081,16.9801108014746,89.8392462528818,-463.376402537619
69.6285329475894,-300.043020561288,105.365743829391,76.6369998438462,56.9266117890598,78.0361996639986,229.696573568922,-221.719918308238,-149.303759866513,-39.9127813735439,51.4012747348564,79.1539576854971,71.035963118301,0.999586259601418,25.6575934668101,-270.199771446005
47.3481814384641,-298.615804569621,155.186697559373,115.342576645178,27.8366724726004,44.9964464777445,101.990598241076,-105.007279127012,-153.032488529181,41.859675768462,26.4409701544124,37.1740815395679,38.3121029813985,-40.0301107960481,-85.3889642854327,-25.5946312282292
-50.6751178777743,-3.22261680193529,54.3125958481974,50.4448436204927,-23.9985931717212,0.5063051826463,21.2618245493511,-40.1471065210836,-41.4587786679909,104.667287717928,-9.21322318177403,-18.640506503466,6.51518487365141,-62.8742462411966,-211.53416832374,136.909316780765
-79.6291888067373,235.515628967416,-29.4424369135952,-19.3504597428306,-80.9819307100074,-73.7634111149325,-139.059847296102,12.8149012673124,161.914493721706,20.8365613973154,17.068605470101,-16.8058262722176,-5.07167313180133,-43.7912987778142,-217.39738787326,353.022205845899
-36.9830383896052,346.382476664669,-117.797647303149,-102.017373494652,-133.375795654396,-97.8897723974092,-249.803905092461,179.337195279691,281.72209699006,-35.8804366142716,-14.3936897118822,-83.4586175036725,-37.4339437193731,-11.0013978986977,-42.0207238455276,382.201980837976
92.4429788382105,165.970568973448,-146.800074423866,-130.112742373644,-120.560091296072,-52.7780149301044,-83.5603222971829,177.059837617363,232.591714512963,21.464977903398,-96.5565057215028,-164.16932678718,-92.6895276453777,-6.49125705445647,81.228899158388,336.307616660382
226.250057364486,-103.80071058582,-110.594274458002,-85.2205769286326,-59.5051523181849,-26.0402041121972,21.1168088662911,72.1415154199308,93.8555876490469,102.505288262951,-48.4120516162888,-110.465953545868,-89.2195951102475,-15.3834129407091,41.023014493561,216.097074444149
145.440661730248,-136.21777370401,-61.4608821511452,11.5414349977857,12.5398534801195,4.93005236293123,-28.4479232393474,21.9129244664932,-103.739906730689,185.114700033867,24.9452320635686,-30.6194146109312,-38.3271306364622,-3.58172841843196,18.6328158827989,-16.5320910384985
-83.5961695928274,-88.0990186781014,46.3796685780574,139.775426765364,98.8822410748292,54.0293898664089,-47.1015969547654,9.14367275270814,-237.21382415501,97.2765460888885,10.3872903292824,20.9762693993817,11.6009103965915,28.7425581717849,47.4899052591029,-172.366491439564
-118.108582735607,-74.4849186968429,80.3232473714446,142.912125251655,110.125444621668,46.7792021433948,-27.250865027941,-49.4951118351723,-148.022340225825,68.1976637568947,-44.3262005228736,11.0587065401784,9.24113252571385,13.3311786586407,17.0250445233076,-155.725758419726
-14.8299692537365,-38.4717866587869,17.7525028113226,23.961906825368,56.118006440713,11.975104223368,-0.7782181087555,-37.2849984317075,-66.5205557857268,16.1838562708099,-21.0362452180533,58.6166280083139,44.2813639986118,17.0698564380835,-8.56763167161377,-73.3616586834139
51.4135174777938,178.455556245177,-108.541613661524,-168.669172047018,-66.5099389598324,-53.8613202465908,-20.3550477000213,102.192583749349,38.2670665924987,-89.3380053227012,73.9958574572003,128.967705776966,81.5808647508842,30.1983229757682,-42.591946048877,-110.491533479497
168.068395652699,196.13752976249,-154.93872897229,-238.068697425853,-126.240958647517,-99.3161482740119,-67.4958045577826,17.9949203965661,96.1542093258832,-51.9882030841604,222.93787729434,215.307447753679,88.8365334486581,14.5293681320032,-97.3957500869161,-170.061022562244
67.068943912569,-19.964113432497,21.0658992877285,-46.548461339145,25.5001282544293,-19.629283640543,-57.7286347185077,-215.17372153137,-146.753729409141,-13.8719064438424,315.617185897669,275.140110813275,134.716538056611,45.4396291122196,-69.0230885959818,-252.303934967643
-142.485276632015,-108.332180923187,191.136830334707,126.111274403012,131.851583485911,45.7541874457839,23.2016832623991,-281.818836470232,-89.4409102452206,41.897757563534,34.2205295014629,47.4141957821451,23.6027294903997,14.1861502856277,17.4304342778029,-245.066408030351
-160.783868695338,-96.8494319338531,202.368136115648,148.777406651842,90.9127821570905,23.9451136772838,64.0978614606182,-255.954767275148,203.037457635983,52.1125617653929,-215.61212364151,-172.795988928084,-150.0639378502,-62.1546742621325,77.5477733707008,64.0036564751506
-153.226041750069,-29.4211288569994,135.74880020977,82.7076738300166,31.6256821750237,19.0507474832022,111.645158433568,-25.4546131504268,244.346921622195,-66.1751922741266,-318.62306214413,-292.23014483653,-224.190992046854,-77.3158708462173,155.709461658547,628.131806974272
-64.1557706355539,85.1911172966796,0.485835168233749,-71.2283570693114,-72.4987366400861,-22.2033821439738,80.3665669019908,352.311470287032,268.338796178505,-129.852837160433,-385.959114995175,-318.158604924851,-220.375582939994,-73.8890020310084,108.209605793903,799.825231159632
27.2266024210566,252.325955906249,-146.845933861363,-202.866880227876,-155.709951304823,-56.4671755877732,-58.1529847026413,473.853720950347,168.416801111515,-133.209633988763,-135.802315617414,-112.250472727258,-73.4461993450221,-17.6638129024768,40.8439868192498,289.05172181524
41.9564545732307,162.192413656677,-172.607660744273,-178.996722449306,-91.9058966614688,21.6478509633998,34.4221232905891,426.81490714743,-22.4382035755741,-209.666347382324,-19.2629611172001,-51.837265044924,42.0078828361387,43.7435539056699,72.9291515357051,-11.5711115168758
58.0049340615012,-52.308244123684,-99.3769928395755,-84.8473796556222,-12.1616279832121,57.8750243231611,217.856917696118,262.784595555285,-154.53429331379,-116.462862426163,-15.4472389442707,-91.8772101757806,36.8474656939732,23.4336139747977,-6.36680401485086,-125.129189011537
26.1933359078572,-99.8829537368879,-4.31782914215515,2.78602993699641,21.2513828829954,40.0442660044494,229.274111931246,-94.5855129881908,-244.014186849581,33.9226991628266,120.034068456394,29.6860793876228,42.2114653671801,13.6705682372044,-54.2402664395881,-81.2827019025321
76.6044852209776,-121.363416731643,5.71859477076727,26.8002183051412,17.7976048185791,14.9745728483622,110.619290185203,-210.340043296032,-144.418298281115,3.21356809089971,123.696324328929,122.960301777321,68.0114420757189,30.1070590065995,-50.558146023462,201.044902619608
154.02332386565,-180.506339050576,10.0212311450052,45.8204823963259,-8.88992067242058,-18.7494147629077,-164.574318711488,73.955984100236,-45.6714861660066,-66.8199008745968,72.2264248878182,121.730441452313,73.4889744187275,54.1459574440457,33.1124951958752,158.133055074738
91.4543566048623,-256.930122581668,89.9169073407575,149.081586876534,37.7333624164854,3.03263869617673,-320.734933992489,237.840168977422,-27.9796792364145,-113.138382239615,-0.355482459556859,80.6004799030704,33.0820346369255,48.7504491843455,114.402586912965,-9.14781439532466
-18.4602266723951,-230.129216494855,116.387062226507,194.091156578331,95.4869619225923,28.4253921905194,-171.418657193363,98.5606383034851,-11.1576047032946,-84.2655296165407,-41.474790100357,30.329487023098,-10.9940004733662,1.0612503553077,0.703735495254023,-151.52658106472
-57.5261861458255,-137.08781176319,73.8728876139853,167.866286897222,116.666383455362,23.8409601166816,-66.9812251613584,-79.3604575884729,-76.116935395216,39.3944434224619,2.65046910152614,34.0714325118772,2.58736796562827,6.92332941700099,-50.3321195014375,-200.621749345008
-18.7582676608804,55.0475853089719,-61.0415417781949,50.4859527681339,43.7824810365316,-20.2304922611602,-91.6271363860068,-32.9375180655804,-123.615319228156,100.919265103546,107.247192665428,78.4666554201193,27.4748697633622,18.6817164594903,3.23137220948348,-187.905303861191
52.2339392401149,226.188394261069,-182.659433858337,-99.3300131542799,-79.8538753770727,-71.1163485252105,-80.0594746713771,77.6525250703483,-40.1825416760886,118.336240153472,153.511529466184,52.4998649353081,12.426412768014,-4.56444388099555,13.8649824004066,-203.769873734369
-3.60448397697481,174.281773915355,-92.6797657992467,-62.1915587304278,-59.4169966110521,-57.9239118655836,-57.7158141527769,77.1537785710973,17.9018404805766,54.7977032037933,82.3772449393363,-7.65811437109204,21.2527168305307,-0.652599856130067,31.9674994084801,-280.7099251391
-158.941168402798,99.4992727773572,64.7382131583277,56.8388289245619,24.0866176585127,-15.6226593625757,-39.289847502623,30.5837439094208,79.3874786748821,-116.134971350766,-6.15941811548902,-41.0276307460599,37.3499779401425,18.2627211472311,56.7475380049063,-400.314751827349
-196.103285792236,65.5715985813276,109.753971328888,104.851036150057,60.349315988221,22.3711700854576,1.14696231967193,-158.232755182524,132.656995276591,-96.5635165715254,-58.7911359340771,-63.7718960636105,25.1930246662635,31.8413434519103,29.4233224479342,-272.695945717588
-81.8666081927822,-28.2423933655917,53.4101659913818,81.9915407586879,67.3878131171977,54.3323430411378,70.9499567376148,-252.103093074177,19.5950632613049,3.40171601438738,-33.1211489903366,-53.3676543601938,32.8989570466573,45.0600674917978,-11.4114225989717,78.5399758133938
137.58979790155,-107.341521703964,-70.5323618152069,-41.8172949032044,10.7794916247767,47.7829090567306,131.086459529828,-177.802427487706,-0.281314855641185,-15.4869952847133,39.5482223661579,-14.3747061852466,62.2541532353332,38.0537720808275,-49.3295019368269,221.392707421179
225.330886629906,-151.798521549553,-82.0319059765789,-102.928053327772,-4.95350388869642,43.584431569274,123.229699821931,-177.449276631431,-27.6161203320355,-1.44362480432,114.777237485681,57.1314031235237,99.4591815347392,25.165309705876,-88.1781557606324,106.565143848616
149.565319586124,-178.54150466753,0.583963693544121,-72.139283302651,58.159368741322,70.4397522959482,73.9702457619699,-170.851376794912,-117.162065425683,40.042741945001,77.2611607769853,90.6187149803245,97.3575227646148,25.1086817522622,-70.7485822426481,69.0135131558973
78.8458829742028,-150.246802185827,54.2395443696926,-35.2487214185359,55.8719342874236,63.7140709397132,7.11611426679508,-113.144398232264,-102.128229511527,62.4250073936445,9.29089458257205,98.2322273184988,44.7908940478658,7.11555615733991,-22.0653402092513,29.8794721763574
27.5263371243167,-66.4741818395366,52.9065596139536,8.10195148410741,-14.9431034971572,27.3362138979065,-12.0564752100048,-83.7584869220668,-68.0174718154131,68.5378323937731,10.0624069665013,98.7695577065384,-2.87500954019606,-14.2734021765933,-57.1518641264122,150.194244022943
-43.9860647228754,94.4865793742902,14.9035590876383,13.9453752328482,-64.4440718782669,-26.399858490122,-36.5967639016593,-62.0500997038604,23.7151896048317,101.761913906734,-12.6823756155342,41.8569052027022,-58.4898156702809,-40.436535225207,-140.402164238385,328.288452334482
-144.374171661574,253.670753541736,27.9863864543696,17.011136707073,-93.0087599068188,-83.0644317261501,-126.557048221477,-15.2485712770481,42.0226125996773,252.546411797929,-36.5563132975267,3.8857034971312,-110.224765751622,-74.9742734319343,-110.370284002802,122.017833869988
-169.372241264749,261.366304550209,57.2521499723475,30.867866547447,-108.85450477107,-95.567153776114,-154.455602772919,38.8981965690748,37.1243365198307,262.297970593477,-44.2349197924622,-28.7535453413331,-104.333751555797,-61.198374527396,5.26196974334579,-110.808657351651
-82.5826672189927,114.69527996535,49.6532917216692,24.9911877891196,-68.8760281021696,-53.1241439280828,-100.018452094705,50.4034089847464,56.2755160530842,83.5160131869824,-20.1465772156178,-23.4437184015081,-56.3872503054835,-18.8676325287605,73.0382690404536,-161.132840610328
4.83522837288148,83.0693863619668,-54.1620196987295,-47.8003773361844,-24.9696009358744,1.1886455135641,3.70603935967195,-12.8892159860314,56.5832018525182,-81.3733215278542,41.3646548684634,36.2590668979298,18.5407846171589,24.916924244478,56.4538457963584,-111.143987729917
4.93552028511383,93.9727848043758,-88.8456689713891,-59.6502484995181,6.00325245621804,8.24166972900067,87.9606582951774,-102.393575289732,71.164313505225,-186.584684409678,85.711046797911,82.6149398966524,71.4491631893738,30.8556945848578,-30.2462980679888,-34.8310948992429
26.0609925957276,-54.6662521560245,-25.5026830929057,26.1153143582953,46.2833370396205,0.736064408939725,74.4944937415976,-92.9628653612163,-5.63995412221539,-141.825726468003,120.461240251528,92.4537259222746,52.7779266781878,-8.04184023764083,-83.20161470749,-110.400199913383
25.4949901198222,-72.5711883567284,-25.3888753727658,56.5100829268689,42.0944601797052,1.75563834650359,44.3996062352675,-44.8421845382997,-16.3079082062978,35.8691688257579,29.9700753378744,-11.6848181450405,-20.7656683969338,-42.9554581174391,-64.9410281722568,-149.348710560439
-30.8703894961029,-63.5702558290634,6.99722068103497,54.2804477813399,46.030272260426,29.515412935839,95.0761055277575,-0.559691169912476,-51.3719005370732,95.8757682668108,-87.5172437580254,-72.8725672530028,-46.3405070703046,-45.5256615146367,-26.4890506950384,-176.375574883558
-108.891876266982,-7.71174895800249,57.7822358307573,32.8791156324462,31.2645868638625,31.0421675435003,105.323207203369,81.710685488976,-182.943911689126,11.4234835079837,-38.1080741833731,-22.6324599147034,-14.8263518737522,-13.7200768045987,46.3886406069973,-33.3254517764867
-132.293023298937,209.651147543705,18.6304857052732,-97.0333431562836,-70.4733837143576,-27.9939134765495,61.7197521889044,153.807555024357,-51.4494006259302,-21.3136856828247,-115.19403707143,-31.7597645184578,-19.3975202702555,2.01640818165028,83.102013064796,371.633823818723
-54.6133093431103,233.902157765977,-26.5183873649058,-169.936551981127,-101.220290057338,-38.9526084283989,24.7912812129761,133.510302917055,87.9346101015971,-58.5907310426832,-134.091797025737,4.15386533685884,18.3458402323521,22.4161338779063,57.8996778661158,269.627737913543
-5.03599294516306,123.050505569118,-13.2762908268921,-107.874707826317,-61.220567838667,-20.3946918922114,-13.3557289939547,36.2329314305696,-6.5660673327036,-19.5351130196663,27.1451059518326,44.9114928822277,40.0805846168535,36.7007276317908,46.8911572060868,64.5842704373745
38.8864984373507,3.81312342314324,17.0499650249618,-54.8814826643417,-45.1698921419459,-13.2197805136538,-8.37624520570269,7.97608290046092,30.3344497286084,38.8310896172706,1.64702599335286,-44.6359624002156,-33.1661108325328,11.5939571206616,54.3786985535651,108.770158100752
-9.18034809962206,-48.6338142349043,47.1495517812196,12.5205366349983,-0.416773047997367,2.95012053638374,-3.28610753904093,74.0667849227335,122.7867338983,2.84556049827168,-124.879817971846,-160.776382689887,-96.4143122491913,-13.5076613125399,105.629113297394,-7.28166443534622
-75.0203064960337,5.19849915711904,46.7703113982893,33.5107940817503,5.3690531649589,-6.10408937481644,-24.5101987011259,176.666924638351,93.9340583622916,33.3146025937944,-172.348003087499,-207.683169006812,-125.295648450199,-36.7750589017663,136.340299447227,-52.9501757796862
-48.0148394768453,52.9427443736374,24.5219820179855,12.2155523992163,-27.4228066024741,-40.1861133845143,-77.5599810872446,150.204335681631,69.8452927286426,54.661703989168,-57.1286136401144,-108.990282201622,-80.6286179760696,-39.3801676401735,33.2712945193701,-110.898803351629
10.5254474497594,31.8194926890004,2.19964504460416,15.2376970888716,-15.4859363016729,-50.535838205425,-129.558096193847,28.8735417618816,81.3698364757132,-10.3379133124774,70.4367602410053,7.16794825482503,20.0340236320138,2.58717052761228,-106.930625462794,-41.0525695630726
48.2525682465077,-42.3771921710318,2.25335586486002,31.793315418316,17.5558946995938,-19.3187373626977,-100.941985237794,-73.8774443704403,-29.8330490837076,-16.4738474013476,142.491914365881,73.7768870526231,84.878576674922,44.5795168935267,-105.584401065034,41.230800645074
8.52538963999741,-130.191829739993,36.4994832465357,70.2199365091553,77.5666950686418,37.1380304776716,44.7231480418826,-118.49165535607,-235.913834084078,46.012775818413,105.188010071968,56.789042868463,62.4133095243509,39.0824813185967,-15.3159795968961,148.879078486956
66.204355188274,-251.533988079416,53.683055455451,78.0011853360051,92.1578148172822,43.5298477306912,129.649693235422,-114.45138668938,-64.9676183597664,16.8629590650181,-68.2551130536506,-61.6424735626015,-22.7597666113267,-2.63547626483633,-16.0355029295092,276.221772190852
150.630962318609,-272.857930611471,32.7672618328128,58.3891833816629,48.4717598355627,11.4668535455208,52.3613405332337,-88.3050847133341,259.982034187203,-76.3004966022922,-148.720031873697,-116.036205364485,-85.3246469433965,-25.9068839459122,-25.2403148512514,139.595068390201
126.182190119001,-200.55744670599,-11.1769394307714,44.7095723045387,56.2866244939149,16.2862850093333,-6.80157594991724,-20.4859066219606,162.849684383384,-27.2759068915417,-100.578566355418,-68.3479806325535,-78.3414149954923,-19.0925975421515,-8.90188563191684,12.2084127556586
74.0019779879071,-112.003627371564,-38.2325697067508,29.7872977618648,65.6620520004248,16.8956533454507,-8.99513069349791,-11.8145381869234,-84.2730717882742,81.1852848786441,36.6867823647317,22.9465301897036,-23.304596659636,-1.61497355739536,14.5401686172479,-202.63400392873
-35.7477809481417,-10.6228423910322,0.999949409824161,41.1973144987699,60.1131822603164,11.9658973805612,-8.87669936388659,-38.2320218880208,-157.697885803531,51.5223864890248,109.99807523633,67.485509572579,24.4568175476294,15.3048628487717,43.4731565469373,-338.54960545909
-119.070813393678,54.9478254412124,52.1731284210418,35.9083851964382,52.8669012130224,16.4531826250409,32.6254476105974,-113.01770524014,-156.747795995364,27.6041875947964,106.360739611743,86.4007543925738,59.342978846029,17.6216603965846,20.1146048477433,-334.20595914487
-86.6972938822529,73.704160795934,58.1521740538216,-17.891440087673,0.518404765459319,-0.264174990202072,35.0563149570519,-86.2166206606519,-38.1748566173943,-34.7106730713701,62.0270532263363,67.6539462457667,68.2458983969318,16.6709190134437,25.3494794883373,-257.762853275226
8.53381109973846,24.0299438410618,-0.201513412288138,-73.7980755073398,-27.3550427387689,9.19623947159154,-1.21638211255775,141.677588486986,177.50492178549,-310.344310030407,-52.1160537045785,-1.92840038535675,79.4305761292568,37.2617527849798,67.4194437495351,-52.5561483320086
73.607955838832,-41.1272329843502,-69.5643270591816,-102.857646542173,-14.9393931688981,38.1015089124858,99.7290578735337,249.496243042592,150.705585820124,-455.764943569139,-66.2417011641029,-13.4455367248117,97.9773127755885,44.0039269385291,84.5743224858549,59.9646502805712
129.729407824999,-86.3962708475643,-83.0215436615662,-95.3977848465782,-23.4964645421666,21.602247026914,161.2808049424,124.780870187927,80.0202487641467,-247.984997544728,-3.67426385043979,-6.36824947907542,51.0528672217647,2.02588859372395,24.9403028356638,-124.640478484266
173.330052127555,-142.620156667799,-64.2484295168346,-46.6647276630662,-18.5384619837766,6.91397555308664,80.685492085427,17.0261548583955,54.2857858517211,24.8251284311091,18.1741953307314,-32.9166319253132,-31.7006944300969,-20.7046192178871,-18.5375193261386,-268.92914864522
129.88197492657,-119.493299796189,-51.0764521847546,5.28987696830417,9.8399070092548,10.5207648610184,1.02371780076864,-41.3698786962127,-98.6130282561027,174.500339237838,56.1773665901562,3.87811187083071,-39.2183321321032,0.370161813257283,-13.7107173452607,-81.569434562025
55.9218810197997,-8.57150567401551,-65.0475739400158,24.8960378241628,24.2045828788634,6.73745824412686,-53.9418333883265,-126.219243222564,-76.543678107732,172.21933895501,57.2542348886986,41.9735305962469,-2.97206748133681,8.0570009924909,-33.1379360305631,49.2859549874104
-23.077221615444,47.8902818530271,-53.4800373453104,61.0458249704822,37.8311255226771,8.80512063994201,-58.7128161917285,-132.596074640952,24.37544463426,70.891075468263,-0.00491059535019644,6.93886321732822,-1.5837706655027,-11.8088490919747,-30.8205791857809,136.790635431527
-41.8503987447882,80.450919140242,-49.3953945298235,35.3027263439167,4.92239151245441,-11.4398519715536,-29.3277294409892,-18.8727255677333,68.6464744409154,40.7624147643742,-71.2879560128021,-63.3780515400674,-30.1789308418732,-49.9567767228552,-17.3192435572158,265.430347478435
-23.716511274253,103.451672647294,-58.0039875885322,-21.2148257207305,-43.1986589483124,-42.7505671272858,0.0254855316119604,138.308596148686,26.5194761939805,115.038538402223,-129.550062100823,-128.787889423235,-78.6722362092394,-84.8179316491438,-28.4836843519505,434.024545199097
-49.6649878991012,152.414448188351,-54.9385154529138,-23.938577862523,-49.4443827751576,-57.7189743206661,-80.9833405998701,205.570776413112,-91.8025011638763,105.473910737048,-27.7409639163672,-54.1004536166979,-23.6881869530637,-60.7947664235891,-32.7212027012612,436.958215436412
-47.092480302895,208.362779873636,-60.8826093852996,-44.692542592802,-80.0710952244254,-61.8165520363924,-173.566726783734,211.012558508589,-113.251927706263,40.7510430361909,104.002544677942,57.5040356065302,68.8464472136823,-15.7281522093377,-30.7273724839411,157.53479515791
31.5481987890026,146.763445960153,-72.8674474644995,-63.9237469850438,-114.750749450935,-34.9805129075006,-110.26309973185,97.5111541331213,18.6047251379881,-9.66560747385847,105.379526391138,83.6787519100782,79.0087158490977,-2.02302818968041,-44.6685605715349,-135.523002899718
24.7199213603154,10.7545585497017,1.57577756363132,7.15292446106488,-53.8141146581432,21.8250717363819,-47.4729623620307,-84.8168574060533,-32.5445115702795,-5.9136809675133,119.465426307394,121.355374340294,93.7048708263725,29.2197530237471,-2.42590884861139,-317.547115283538
-133.223521439351,-74.4670213458112,167.415720257532,130.306292833002,54.2397283034203,55.7538312582039,-45.7343878102916,-136.105873689294,-245.002916944612,68.4603159325428,82.3558194301955,121.043864535065,75.3788370614366,45.50372554702,28.6615134799547,-201.722610790899
-221.610767764756,11.7312382316788,194.012174514541,142.2108909897,75.6267914364396,24.8892240549836,-88.6698905974184,-121.560093563061,-31.2546444503317,-34.111342544838,-55.6293951700034,55.9813426652555,18.7244565036304,25.3415767993,-0.935852596196014,40.8401676470755
-198.284952113663,113.462305480618,105.049367309648,80.0891773105963,73.2080426596177,1.96143822821355,-115.965109331911,-118.081702173952,159.167339454541,-105.835902303567,-101.159977674162,27.0241580811046,-3.11160860943028,19.9288073662725,-18.9912357006365,102.918554381169
-173.657638609052,129.960907516942,47.8976775678889,48.4557350735566,77.3969525929166,10.382351903494,-63.7227508693085,-105.74794888786,164.660550871384,-109.829703393197,-88.0815336392062,-12.8590585584737,-5.03501245411498,13.8854451577416,9.4741069076282,-12.9414831672693
-151.333931276699,22.5306266474784,90.2041472751701,80.081518919764,92.0058328361743,28.1356596057578,-16.6310767955638,-112.121964471788,189.566930888384,-206.218561061748,-67.5895158124425,-32.6687531739937,4.72638534215709,15.8389841895457,52.7816252333542,-175.587002072369
7.74780343447294,-282.856656782553,136.264042932664,104.132945876092,135.559427343772,77.3636170862595,122.442500407891,-205.103942701253,-90.324434288062,-117.847572828285,58.650413264759,69.561593051933,53.5360820673715,35.678466443354,23.114242693468,-302.901155808724
209.026019020721,-428.45734951175,64.7077904710693,23.5332494961756,91.055363090154,78.4185951675444,252.76496891655,-189.87109719307,-428.394133383996,95.9608791855969,212.247869876634,170.197360740929,82.3406872727861,44.5542313045318,-11.809452772789,-275.574153417069
246.589805460715,-192.506409405827,-56.9118241940134,-105.10452789059,-46.541315459028,4.57155040726053,143.836179206631,-26.7599964600799,-304.673928570636,261.27440189595,146.580339293365,82.8164024728064,-26.4044258147657,20.7480619457897,8.73724125377782,-54.3290660195105
177.846857238993,177.415344415721,-209.035089474459,-220.146610013433,-182.911805366445,-53.0759011108702,64.2183385332187,108.454682365744,80.3480516385388,247.415704036581,-27.8270538967691,-119.68398320113,-169.640904754657,-26.5776087869589,79.6848566392288,178.793548934926
144.127083889653,364.995440812279,-317.811809643502,-297.475609789288,-239.266366621558,-67.2984549674287,107.373772459334,191.924878429248,281.72634435422,108.652452804064,-102.593130735491,-215.605692310066,-176.932691884018,-47.7998685751307,84.4330687659266,284.238417359184
216.458303368276,151.693589101165,-245.76394635769,-227.928227189999,-159.298506594606,-50.7477953141784,49.3556270356682,140.851988728662,273.866878538933,38.3886424330478,-65.8299759387838,-133.313011555935,-74.9083893937966,-35.6108143909307,-23.6556508890435,123.385827004806
173.474135525104,-94.2439597665571,-84.6461683162089,-45.8060269775023,-21.4756769776295,-12.4643952202867,-54.7024151769205,87.4716198591751,20.9321273267777,40.8986413377228,39.6683201144751,-4.01272920730923,6.88941376223612,-12.2508565955394,-67.4791810843381,13.9824497075427
92.692987877894,-98.8551041888202,-19.5294580636344,13.0967874033666,6.10748714337602,-10.2021732172182,-57.8973926701139,64.2496525813541,-71.7986697159362,101.777098463315,50.7970875625378,14.2030958317407,-30.6757914650205,-15.1589004389448,-50.0279910068407,-70.1545691439414
66.2755495747992,-86.5075041514995,11.1885531756052,19.8270651311245,-20.9497315692981,-6.58450687430072,-14.0020099642102,9.70797000402512,-15.4917563712251,47.0609431186718,65.4432907538277,40.3324782959883,-50.5143049714973,-12.9914298094829,-37.0323270650371,-232.684786999535
-79.7943762715071,47.1439027097339,58.7394764252334,23.9916636846586,-41.8487186263331,12.1754317146821,-13.5218143892139,29.0368051127383,-38.2744774397748,-61.0134858001297,27.8633275332733,56.2985462000789,1.17823906027284,14.4912341968566,19.3486811764628,-45.976062964154
-141.302865878154,167.64472265898,55.1161964825752,-8.04009827413827,-51.4057006213365,-9.62465057796467,-36.0262867161094,6.87394939130834,56.8234276670425,-92.0712678057973,-47.6689143914868,29.9816442424956,30.668185236774,15.9935716384365,18.3310704082675,179.336653974329
-75.9639536451157,89.9461026255924,8.7550136556534,19.9673808610482,13.8951604324866,-14.1105220742326,-72.8385544587855,-7.81789684008035,27.5503628471448,-137.245879462101,4.18124515242356,74.900052187089,63.5686614368705,38.1140143651509,-43.2727701403974,313.606300831599
-61.3814345686578,-21.8834582306664,3.78501766344675,86.1622507557782,83.6360204744591,7.43832691481828,-71.695309946889,58.7863864521514,-63.568072115379,-150.590321232003,-27.9445979228026,57.8991843125905,65.1099095422393,59.3196028672731,-66.9230824958396,399.055170863434
-86.6672764339481,-63.7367602583616,55.4438933891151,126.85282940159,102.323828026559,5.0331724755066,-60.3271503364859,12.1843460316821,-65.6332928503524,-23.3225471930633,-80.4537562823916,6.77160283221383,27.3262310258805,38.0592458184314,-71.2571638004937,193.194083699769
-135.362755738446,-57.3318403890592,134.477792389905,132.567486441304,102.297935434959,-3.04568200439222,-63.9967917249084,-58.3091878750402,-69.6293094823849,94.9266987832711,-55.1764123162617,-53.9894004287983,-14.5017682321422,9.66388737250435,-2.75893640447316,-62.8877699763331
-156.782084737554,-35.6441937782216,176.368508810321,91.8927501512759,80.0162028186586,-10.4013618378267,-30.1592022910261,-50.7259161210483,-44.3865445480716,11.9013407079685,10.5615400432941,-51.5391186156353,-25.1942984275829,4.62294863138152,27.2672015507203,-159.069519862975
-109.047470978277,-5.09039456082976,154.165070528929,57.2619504803099,49.4198455555278,-33.7272118732383,-86.4901928798051,-96.0908695191087,-25.4382092569717,-44.7635846933286,112.91269396693,78.1777571777916,-11.4516768067645,32.5297782579784,3.04899559803101,-93.8003177280021
-117.591018376379,-17.6819149609751,137.035438772496,104.368092581397,83.3530024663888,-11.1372171466044,-180.171285354246,-65.256402243488,-28.0850727149589,-40.597059699945,71.5342774975364,80.1320602909937,-2.43877969509572,24.459153891331,33.1510011028824,-1.56048533025944
-168.860594134184,60.2961538100005,100.041025428658,69.5355324698652,77.5183829483567,1.69538237390966,-127.031376923935,52.2769298927436,22.8597435732459,-27.7131852960262,-59.5860655126637,-24.4696633708875,-23.0287204939981,-29.9133635138228,29.0369883134561,-58.2070814674801
-199.529515123064,218.708341579572,76.4420618510746,-41.8253924360257,-0.868112122556862,-37.2711639253865,-56.4773924472775,85.4312456992786,44.8668162393063,102.897397980955,-121.134081364645,-89.9820131421247,-62.9019513180758,-57.9335681240162,26.1611499142297,-38.2218335581421
-133.20463197578,276.192104647404,16.2685855938775,-149.348073396451,-56.758606671225,-44.9933556393402,21.8248366297383,42.9137470680433,95.429116156132,115.029035413823,-104.951092731006,-93.5196996365594,-56.6441500838735,-53.5845571707967,29.4719711184458,-19.0161934723904
75.6904740585164,154.787184660768,-110.489313358362,-218.348376505027,-75.1617177010193,-23.7031963756634,163.169402889159,-53.6007593003613,175.133336884697,63.937995164804,-60.0337718745835,-68.0824734127228,-59.4421011212214,-52.700891019825,13.5109394089218,-84.8439944317535
180.951922070228,-30.8268960604804,-129.566159979716,-154.365272164676,-54.6731306336509,14.1836693364992,196.226121715762,-54.525208906608,35.4187808862317,56.0889565507833,-14.5814094640023,-20.7370808926205,-5.74537637368545,-38.3442112136256,25.9479892801261,-32.7748944903984
144.078916296198,-163.444078307163,-39.9554758853125,-36.385972335468,-29.3865591770836,42.2793055713736,157.835336821992,23.0550877555814,-110.061194186035,-47.0740155144744,17.799371041143,32.0291414968924,112.834688851834,-10.3617313156306,15.7965780515339,-76.9320665762248
109.809998233302,-274.782766630568,50.7829620650636,62.9135197875166,6.28241812391371,62.9210946831949,152.78162527045,-39.4898411171926,-94.870549331764,-75.4164923925586,-13.9916258304539,-3.8626848782406,154.23016045521,9.17079681504956,-9.49955413882706,-165.207999859666
23.5917002383658,-207.315210699183,57.8470243570958,113.426693283925,39.7954034055692,64.3524631798403,143.045872609408,-140.569731363747,-70.7182369302,-21.9217662237111,-42.0231999030101,-37.4915846865767,107.511595163591,-2.72782199568677,-13.1232376006322,-56.2161633963235
-39.2752420798494,-104.769019705435,23.7277048264682,124.140151836823,27.3211109790859,49.7974708966065,129.818729113985,-88.6441447361292,-17.9071999241,-66.9080046716541,-91.8678013380957,-55.244941301436,38.921769643741,-16.8773865426176,9.51261072534959,161.227728623364
-3.32517612315448,-84.8071448608364,5.49283422272509,98.1687159487931,-37.443751648436,37.9154809517164,88.4544733179844,8.28152294156869,44.9008512529476,-50.9473943395521,-111.4117046623,-93.7714229176889,-3.8962187172686,-22.4138856132381,-19.1251917706482,187.702119896834
15.9412400608786,22.8258584235899,-67.27655894579,46.6963156758517,-81.2369322903895,23.5860445921944,0.50965109124175,83.7242095610306,20.7705619921833,53.7009849279768,-60.0252469450071,-58.5822616461111,-39.3066452710171,-37.9661986788462,-70.8373112341965,112.127561557304
-15.2792143855535,92.8135441314454,-101.015701014495,25.3987030533858,-42.7141899289842,31.0245134207448,-35.0783836610186,61.5967637866097,14.2018571356765,21.1811118284873,-10.9527353619845,8.65095571040612,-37.4205950601936,-18.8280540018222,-41.9267941822246,-62.3433427958361
-73.8882535682461,149.271868584949,-69.7219335810444,29.7560394017506,-8.81765010548942,11.1670583052042,-60.4497323589417,-38.6519023723448,170.182466512433,-130.854236975602,32.7209298431124,26.6993421037244,-30.9342918783707,8.33718076087165,0.689640672357875,-232.059652504678
0.8659807937065,168.306145306441,-100.10954450014,-44.1615316305363,-71.1071387975888,-34.8327216803896,-83.8556669477724,71.9450677219301,310.565645762903,-203.839004375137,-9.8194296835949,-15.3772619022388,-63.3207219548949,3.99390194738933,38.3912190210683,-59.8627004541547
171.287505844685,10.6816962313609,-134.807551381682,-99.6347172775846,-105.93980178624,-40.2608679267992,-26.6021249157084,198.913537262376,203.711421770619,-41.4726153030335,-73.7715349762055,-64.4483050290295,-99.4965867653415,-14.2158161824058,77.6020497735071,0.502537197682045
193.580241954823,-101.447696193323,-101.272566319902,-60.5273450480838,-56.9814288604306,-31.6753153218761,-11.8885081681467,202.455019274439,31.8143839297695,51.7695244183328,-33.3953852711673,-37.3347100753778,-65.1831263454917,-10.7246098425019,26.9768351141643,-80.083094295479
110.902702864094,-91.770225765621,-30.5548651428273,-30.3747353396506,0.943827913510376,-27.8003972205645,-43.5162528749093,143.593779439184,-58.3781806670538,-5.16164851105717,64.0193701796159,42.4474909130831,16.1766255870704,9.2799322870209,-39.3136405917009,-142.415886862783
33.9830118843343,-139.295567702872,41.4625791600899,41.9589794993109,72.2851579698659,7.67162540831794,-21.681180058692,20.9410247715961,-189.363279357673,36.9192737336197,83.8710398150042,71.0936619877121,47.7733972336896,18.7132560949689,2.04881996588635,-149.903442841498
-10.0519818231971,-140.96071055862,71.6690342418374,73.3157108441541,86.7885290150213,19.8845904280374,9.44473938499911,-41.1527838119671,-251.678052653531,75.456956787254,92.9497136411643,53.1958893128041,47.2168194144892,0.996594208160303,-15.6932248102273,19.8150272920976
-41.9933299528101,13.5858123122228,35.009665170271,2.96941763164214,41.7855474587957,-13.6014033375111,-2.30126006429146,-52.383453721402,-137.768846785227,45.6720335961874,79.063969771799,38.9102580309824,24.1492975616557,-6.9519256809391,-27.2780408504978,220.823652384675
-12.1740536981254,114.598913741248,-31.3995055149757,-64.3938223408393,-6.55143343319571,-35.9627916145642,-41.5262423996687,-25.6873339453857,-7.27277214510462,35.781400385613,37.5241594446001,19.753590641278,1.14670191485885,8.32773295917247,-29.8519017379885,311.914930670733
80.41143883262,61.0481524894709,-73.6949184385719,-75.3030187099387,-37.4636521015599,-36.5900963212327,-54.8691455903616,-5.31321637899413,17.6475715499246,86.1645409596305,39.1790343499739,10.7244457018365,-17.1921588911736,7.78286028812918,-74.362945121759,303.324736787188
61.8008882467914,2.30746464295977,-52.1606006352745,-24.4586282053043,-22.500121247533,-15.2986730819854,-29.8299519641117,41.1268297084195,18.1433847925568,52.8400190579237,-14.9633145400973,-28.3378348240943,-48.7805629076554,-1.45718336601591,-43.2364881485316,269.041322564111
-54.6010443468783,17.1684404306781,11.5455569334446,25.1313104947915,16.4381762352825,14.9263358916667,18.3896832614964,21.295969120249,21.5494930733601,-16.4129000886766,-61.6399591265117,-67.5485164806562,-44.6977681127363,-0.150934067601977,-0.20142679045054,135.108120834102
-122.056109741895,13.3357580126009,70.4872468490468,51.1355256609322,56.651937219126,26.9973530136466,35.8507670294988,-35.2436131380809,-97.5949346960505,-48.1665415316133,17.7915488585082,14.7108247056598,13.7144357774585,23.7000617838405,37.2532692763328,-65.1727521638991
-146.361209308331,9.97445522607262,120.836669555028,72.4278283996462,73.6937359251432,3.86031676599048,-23.6087027328831,-73.3273317573314,-158.000724314078,-23.9395933725281,125.159462972378,116.180471359905,30.5646174930841,12.7791098546706,-19.9710687375903,-256.732910205181
-213.808268077801,58.8816626691927,166.58380060333,101.646592866378,84.1158792632399,-1.49409813143558,-51.9944685432235,-188.911202331212,-86.9007672450324,15.1164774931431,93.3170772262653,108.752522145271,-1.12061928307617,-0.468051835008737,-38.0043977124767,-183.822658278262
-221.703615643984,49.8614321477097,147.85830245122,106.481328327156,103.444885341109,32.0578578644926,22.0701390845264,-254.243011624852,-29.5397034457541,-68.880083175848,37.5145237914462,64.4945490989655,7.78979193131295,16.6957667898891,-19.6952393441466,5.76613262049045
-5.25415426738979,-25.5089609291747,35.4143017553429,19.9490962240767,52.1709495976871,2.57652138662264,45.9985956471268,-284.835669507497,136.616975245364,-50.6133480173992,43.5509152136751,25.1311866727239,-0.431259447183834,-12.0110315934553,-113.395605316177,166.771617590118
154.669879251537,-100.569646438648,14.500124657048,-41.7145947886202,-15.7665858947368,-50.9667411729789,-68.0393990828418,-140.172168982382,157.06251540048,72.2373601057363,48.9963810645878,10.2168891665251,-22.2062980340739,-41.4686576658952,-127.870106456242,219.433598391692
121.778906223585,-153.205139117543,62.6629919930729,-13.7708404752936,3.08288815293726,-37.4046213475573,-101.921844220119,25.4727637714912,-71.867540344821,150.716679360403,52.378814154959,23.1703280640027,-1.00650854999702,-21.5399235927637,-43.6393691344095,60.1962138452687
71.5479237009342,-85.1350160426153,48.981657822638,2.47094092248129,11.6445134185002,-32.5756443482886,-103.056843505291,-49.3995476727872,-141.038992419259,230.399636095907,79.7812797502462,43.7596912698666,0.0144733047429213,-7.34205011733985,-23.2314810112202,39.9579932879649
-4.98001374228336,92.224024501413,-4.56996549180833,-30.9578137766263,-22.0969066537191,-26.9620919041531,-102.317931495123,-79.4972079818429,33.6500639000735,70.5576863669947,54.6677465184246,57.3394625715908,15.3005034229068,14.9969448286069,-21.4475851285618,8.74463071195146
2.89449616220331,115.223182620551,-73.6376833953777,-93.7555963647312,-31.9751051818136,15.6816635204814,52.0373899519407,-5.31679758106347,212.334980407684,-195.19347611772,-66.9271824917203,1.02213954014604,36.928579645002,47.2071864031227,60.1777926384329,-162.350261660301
55.0258990091818,-12.9711355818061,-64.9804692434977,-97.2232098980366,-9.88824360426862,39.0730944070818,143.932621568902,89.2701036375075,14.8300993264504,-177.003189293416,-43.238798970229,-3.85187233480417,51.5401125801335,54.3529186446691,132.673460635508,-183.231756537552
108.170725227638,-64.1998859452305,-58.0142834714904,-81.0209211050633,-8.70090029120294,-0.406661761942104,40.0253741543121,164.076791090245,-69.9757768358025,-82.0428569992459,-26.9461514234197,-0.964778090578637,47.5903175871794,41.7112877193205,176.33790988187,55.7436735471319
146.587350251662,-53.0983749086284,-78.2018716424445,-65.9947116844374,-17.8224555064095,-24.3724901777631,-128.049678825837,208.57833446892,139.186889081946,-71.9572903783849,-112.92366208479,-53.3355437643631,10.4447062267538,31.7482576740967,180.610552399486,42.0180976185222
71.7792219181335,-12.4441051592419,-85.408845949572,-25.2897827617924,-7.19617908867687,8.44623029098368,-98.4977251701468,225.126579218698,86.6715375706396,-117.49203451074,-63.8366436115464,-41.5799133863608,9.67081779506168,25.7543155663585,141.948673154636,-148.756997581315
9.24674914980362,106.791020079398,-114.728208887267,-44.1568338869577,-60.4289891028645,-5.99211603827731,16.3603320294913,189.868892089933,65.3096692568891,-100.831815305612,10.5902341749132,-58.3568989775977,-24.6772438283944,-25.5657199745593,69.3753201630559,-193.953763605368
-27.0494831106005,207.759166808168,-106.622592211373,-88.6322398121281,-113.683680036532,-16.6935109085598,54.9995649694627,107.305306662895,101.312858042059,-51.3174525848162,59.9858228171689,-44.670373868965,-45.2096597578913,-41.3976838655146,-8.24647931135087,-286.039819176918
-81.0585005996753,148.857586470794,-35.4815217790662,-48.2106138802542,-70.099689148304,18.8058373859213,103.470447819032,55.478430675563,-28.4378366570743,16.3085787082936,29.1305769863173,-38.5995303206376,-39.2686321778323,-14.5458996983805,-25.3933854616438,-268.740071982119
-53.6180459322271,-41.4039836370507,20.7513019294908,33.208361510616,-9.70745054872492,60.6927235441294,153.005946834839,49.11180766104,-157.178460213226,89.4496706335906,-40.7575410099192,-71.4544807494926,-43.8611147799489,-6.73684925637673,-15.2251334652073,-208.649206051267
73.5695313427313,-184.856538327323,-25.5533755683865,23.4212067243634,-1.77227686717634,80.0669218809816,204.242122922607,107.662731805781,-91.6643686907529,-49.4586670074618,-98.8836157876292,-97.8923845682884,-47.0208397776647,-3.57371265390361,84.5760011261035,-3.15914272756919
67.0828031284862,-151.960929308386,-64.6374269832521,8.63504347730617,18.294382506044,80.7264260863222,166.191247182378,200.583305575003,-86.3606147586519,-122.456638536477,-151.091609427712,-114.462560562575,-32.525311832016,4.75193937800395,160.714851031868,230.690348683213
66.3621684293958,-99.720653476635,-73.7151747688462,29.391075232576,19.573038473609,42.9103622961202,105.813451917428,40.6344024767793,-68.024215489696,-11.5728827922315,-58.2938917758228,-36.6732545779963,-6.29925865263738,-4.73379347799582,43.8888285246168,75.1821006445198
125.185452619895,-88.9026650766073,-48.9571725852236,32.708292855646,-20.9200450716047,-24.8076144183178,-11.6884722287457,-112.412172723647,138.628126380262,34.5275622120173,22.8648537235682,20.9482515895377,-11.5266718495486,-23.4460760142838,-48.9302047510666,-196.369222787259
7.76481197162354,-27.8876036643203,38.2898488587159,55.033606284008,-3.38731148490914,-15.0809654471482,-82.368768504936,-111.058593157662,92.0371264984899,-12.4752450180255,34.1324780497204,49.6858586556352,33.6409889802725,17.5236636737028,-20.0562980073275,-163.631419367898
-94.4324937116034,35.8849151223054,80.4505605091602,67.5671098872068,16.2054996785673,1.95666511401554,-14.5380077780675,-214.947587235886,-46.9267365516004,95.8012627150849,41.7237705146237,57.2844894131704,38.4715421399786,13.2127286173624,-55.4257083664606,-35.0434688304161
-139.390074885957,161.535381498603,74.265010125381,32.8830301152008,-27.780124013404,-48.9058468873451,-106.003808401102,-91.2369526209915,10.3847321271762,217.035362460655,-36.8097243939207,6.96092256797675,-51.4103300571644,-24.9654197575026,-180.852695282248,175.941525540914
-114.005934697004,261.174686485873,20.8716089785439,-27.3282021431298,-98.3540524128153,-104.30363419958,-247.076090462216,176.777535182914,190.172651548116,55.7656994934181,-113.626204425566,-40.7485600360093,-111.447136579534,-2.35242603266195,-138.21819935053,535.510184300207
-72.9012062588558,173.53572556161,29.9551240932025,-9.27042939812981,-73.2970517477575,-95.891218184967,-230.981999259287,171.269800833438,178.999821009021,-3.87969730590584,-99.8588329990537,-43.8252078311874,-76.9918878005025,18.5813009089956,-33.7864599346371,430.2951192192
-72.2206790933526,5.7445181029384,95.8562661907608,53.1250386353234,23.5912408373443,-42.8881663289236,-141.101752073261,54.9081888406531,-16.0095821219584,48.7543154110698,-15.9451578442922,6.0831185315635,2.21487170066501,25.4617810468307,-51.0221736479195,14.2707332978739
-24.2548267756263,-77.4151307600479,89.3403432192191,52.4666086061453,53.8204455197562,-9.33061497309555,-91.8782695451558,0.0119924212755507,-108.088026614637,19.9130984498347,46.7197744008223,57.593804860827,68.4163337121456,32.6382409239906,-23.1402817622398,-44.3794974006519
-45.6426405853804,-60.1956438879647,94.3058172499811,44.6630952173786,46.2033899176167,1.33465838586392,-30.1712189546714,-40.5947733238654,-153.444597963435,55.6036705288137,30.7092949093526,58.3327023611821,82.4391907717434,10.9324838653857,-25.2718266002378,15.8860921089326
-152.257356790948,6.41099980151347,133.558644430508,76.5247364147867,46.6497023368446,8.73979715741329,51.1387879254991,-133.340493076583,-135.214906802328,67.021102133268,17.6708083774182,29.209665487686,41.8353975298622,-25.1034654069383,-35.1455613664815,-50.7644581755785
-205.41549758786,0.837394412893673,175.848639523854,115.030063776254,64.3482710342167,29.1509029842644,77.1228124342665,-212.724572628787,-144.274399616325,48.0643820954783,55.7082957600508,43.7602320252522,41.2919425078291,-29.6602387780587,-27.2944862680882,-225.82725653552
-139.631301544828,-94.848712610964,160.681307195374,127.8296715575,82.3255754636386,55.6395932393939,120.071360877682,-267.887504445739,-168.055164471794,52.2962566662076,83.5631271722434,59.5741267481192,55.7860963250287,-22.9040882201282,-29.1595549966506,-341.371309310528
-50.1391299773608,3.67347995191346,17.1953362233935,48.8032328525493,28.043013973771,36.0930169204045,99.9317267680111,-250.432384931866,-77.4604440549729,66.9897791660955,89.5333672157703,41.8256829228677,55.8471933025826,-25.9885812861427,-69.1909881442962,-120.892942737447
56.9315162521968,104.117596549857,-113.948518378031,-68.4828670775223,-38.7815794085578,-1.83268611433886,25.1266341240927,-120.513363546471,-34.1308189680825,89.6341570633969,103.08085038816,46.1445003713712,71.1923375247104,-17.0888341163382,-96.9444602447219,96.6911934983084
171.706492211907,55.5689140535509,-180.014118744542,-142.239909267634,-60.6201594727987,0.167069610826005,31.6065055608559,2.88344609331619,-25.7913827900345,8.49031618233334,88.6444241508503,43.2105814646758,64.3447334988481,24.2119249093674,-9.27852771429997,254.937070129911
233.066190790248,-78.8958310371716,-170.139259241722,-128.563010590413,-32.1212681209028,19.0791891905202,64.0864954042823,81.6864153697568,-12.0271888973261,-185.853785313106,72.2535248813884,66.7141150857211,69.6292181619075,66.9266818386162,41.9449958727316,392.644021078965
252.677280037681,-263.785506822605,-107.724926130635,-23.8376553956485,35.6070487917173,34.2026049352126,36.2081098228334,136.570795056278,-34.4568575958709,-274.621260884864,55.1707954815869,91.0986346557906,64.5014956186329,64.7010818215524,78.9668017888857,238.989532010984
111.258010889639,-96.0290984251691,-104.714356247151,11.8586036583783,31.3517273714934,19.9230808972919,-17.0776896224038,124.078200751908,-15.3682789608873,-121.145341890516,12.8079798540164,40.9540774254981,18.0309178194755,27.3674593186188,70.1744876134171,-81.9411620449102
-106.223753219279,178.722708312253,-47.4891689451125,-4.7248723248778,-12.0654528137535,-11.0126014772852,-6.75388691400772,15.092524040338,143.296674077764,-44.3177559592446,-71.7740601783909,-46.2262034604794,-35.1518894090967,-17.4180621747378,61.3687488860655,-220.192693539237
-136.784759956997,242.987902163844,-8.79610632216912,-38.1025553720743,-55.6314489325504,-38.1939723546716,36.5064786156759,-80.9029088210393,325.619926760425,76.4675230102369,-168.960974379281,-193.420416637537,-147.306576034923,-85.8299099135828,60.0157597604059,-155.977333170673
-53.4806932482174,173.057384602656,3.64052630216499,-99.450787748517,-58.9289848358142,-35.6587074003944,58.7529817120257,-111.616310838615,220.967490277974,264.361476479936,-194.389716746568,-208.437471025391,-131.455654608867,-64.9678691500494,31.2116905328621,-65.3822536175548
10.9216941615685,5.86534872242208,41.2191763247338,-68.4276583839224,-1.95714586114865,-13.3381562758882,37.4125741952015,-68.6208102959035,76.0154446125129,83.0387206178271,-94.0113445016047,-40.7629019037505,-19.5069641403202,6.02302741093709,4.29287230300787,-2.65725742404588
46.8139454272882,-23.4412299529722,-11.9644629508897,-34.8808626227113,-0.830694863169697,-16.6916876208579,0.345218132442568,36.7636936758575,86.7230096917942,-48.6242389537233,-9.7172615336105,-7.35437409648461,-31.4915561519106,-6.91370972623619,-86.2273961500813,58.631901436059
45.4147423423474,2.88488835865843,-46.8195729390373,-54.8493545293378,-8.43077760884756,-5.81893072485647,18.3209224205998,104.6808568705,-109.999448185871,73.4611104053308,48.8131247840837,-8.99360627850887,-9.06629121422897,0.404430207412872,-107.014630448194,43.4289778754505
2.53015912485101,3.3991965574728,-42.1578978064428,-22.3341534637514,24.9826747299461,15.9179653631335,32.5226996246894,88.0819959988863,-261.451121588935,98.7254047608485,110.851886257062,37.1330679007038,15.7887286345549,3.28967354049655,-56.7713840472704,-28.5449516937904
-8.40286153282791,-27.5567679308421,12.7299243764583,7.72373410083497,37.4686331165937,16.0319614746791,-22.7142807641698,18.838270987479,-170.975273076341,52.741583268257,72.4376239251168,47.788344325347,-1.04605277968658,27.4207223916844,24.3194042043455,25.1778340451173
28.5797173024604,-129.748058134821,84.8535664970363,38.6311626798774,42.5531785941966,5.41340440147012,-54.8016101040735,-46.2005901666489,-47.3839333095526,39.7430246925823,28.486953321417,24.7995558746021,-43.1903636834983,36.8955305645842,47.9392938491179,-4.55068890303686
37.8248683064011,-154.451133820131,87.3312670904851,52.198823278067,25.557506937064,-14.2478285827768,-26.1749024903779,17.485819026778,169.04213910801,-59.3219784830399,-77.3050366475962,-75.7020537431813,-114.373820020316,-23.7476389878485,29.9516943321865,-27.2247896225816
39.2648701716133,-158.226677563582,75.4568837674255,30.1085384418215,15.3293449493825,-1.38826581358194,-5.26347194152257,137.562954071397,165.419184140672,-143.741053476229,-148.817208765696,-83.8527610664072,-78.8356396865107,-20.3842672151227,70.2169791837095,26.7598893255382
15.132717872978,-85.9369195274468,49.8489741165136,7.7555427425139,4.58309064790201,10.8327913577517,-11.4671477718808,106.88583222144,18.3594694374435,-57.7944991788726,-63.5760472002347,-21.7115474994366,-6.25026546558118,-9.17663567563136,71.7502986795982,-98.4691324389213
17.0251218041951,17.4102200184391,-6.1154701040148,-35.1493124110284,-23.5459115861082,1.15398618535473,3.07114433780643,4.1673223807377,-20.7632830886861,-34.6290762014592,72.5895858119117,50.2960054568342,53.9427498889428,-15.2596126537585,39.6919359512944,-203.542781610213
145.833914061204,-72.5374281718761,-79.4180226880746,-58.242318808584,-13.1258973207454,19.737265736962,60.9592199309534,-94.5696695000944,-14.9857217096113,-104.964672580697,132.183718742851,132.564786085007,130.943981194682,10.4260715563278,5.22889524214236,-184.914368711932
207.449909500767,-228.352774203728,-52.7878541673299,-12.5748629086593,3.76291191323019,53.3147856087897,86.4190306486054,-80.5850932343619,-25.4440873031664,-90.0178489577884,21.227868740703,89.8986595984983,146.347587333621,25.6640990869889,6.43847558681006,-49.4762029025782
74.4230333550396,-219.873240155415,31.1519830104387,62.637949143407,11.6061926194945,85.6821818096255,86.900965739973,17.9832898521618,-62.9088585163034,-86.8222805120255,-111.223346259006,-12.7875686049509,111.771549117506,22.0348113363654,30.3633262483959,84.9772993310892
-10.6969146443106,-104.344623716064,31.8494930523536,70.1301109359892,-0.2792235558953,65.4946943749403,79.3789006506046,-0.858572184780368,-23.2398233978951,-105.944184368829,-62.4084248884072,-18.8782301322749,76.9677794023708,6.76597870504851,10.9040202071889,-15.8387654104807
14.1638881240826,-21.1359661737857,-27.2865647250798,34.2852163977439,-8.87955041269406,1.54459354411384,24.53831260098,8.44841144242484,14.6967502986596,-85.0941310926009,64.5538570512328,5.46020304850809,18.9146069420216,-23.9478090762631,-10.8676318482658,-85.5576023559616
7.63284427979155,58.8842097249139,-76.4396870477992,33.0573317283478,-7.36972071852561,-42.7709627284698,-56.9437664430506,44.7204810096158,23.8473554136731,22.5914124366188,66.4032004398085,-39.6152059453856,-47.3904902360932,-44.8749015593149,-14.5720883618445,86.6501277730592
3.61458244129512,12.360743215405,-43.3478506668473,77.1155417979063,-1.14252797240371,-31.914159950865,-105.241188180836,51.3839191304708,7.11091062691007,66.3176771989811,22.1303682846811,-53.1969397621386,-52.4258560875758,-24.4716386237404,-18.4824763017507,150.271540878818
-4.46434065160317,-37.0852787336451,4.5222540815766,85.5882404735031,8.87822775120169,-5.96340497629182,-92.4602103601697,30.0324398710157,20.6751407572872,7.70558944946053,15.7542621028908,-30.8683371621594,-13.9055735251578,0.866268876760117,-28.9485261009153,-10.1322482916401
-99.0768203100985,110.572859422841,2.56720154704608,40.0140052619049,11.3029257115829,-2.56685381620779,-84.7074345610529,-12.3694804447745,15.6120231819399,-36.8379019548726,32.9641048293866,28.9194632985045,20.526328762784,23.2826214813998,-24.8426430430678,-53.8999069275415
-140.741171233198,328.862864317325,-69.8083678457506,-85.028601160372,-32.6272191712896,-28.6520688726818,-74.155112247576,-3.2806663839154,63.9196978585211,-55.9494083038728,51.6845175228481,62.5135926906494,16.1890800601619,30.8004287518996,-22.3955888332022,25.7155130644008
-127.158686017224,419.601216108504,-83.5121251599221,-167.407991300406,-85.3313971800882,-70.2573416463368,-75.0865107992987,-1.05185418635401,73.9355463747891,150.509584483711,25.9779092496499,-2.25716021852713,-62.489507046096,-6.09441885193436,-35.5201767153497,69.3903839374472
-151.815312843677,266.902987487931,26.4827065800838,-84.6708524157432,-26.6066416997595,-46.2844230232524,-97.5560036504407,31.7320226725714,-34.0396413070422,158.786009087578,8.43285059251366,12.4429437335958,-91.4207898844445,13.0690317983449,17.7398534791453,-14.9790836235157
-174.057036988225,152.314425754594,72.1318399813759,-11.8344763979244,44.0107059837664,-7.7079034038499,-54.6243772060839,2.49955672406776,-29.1546605121277,13.1302429605323,2.34032916411365,34.7598208578507,-99.6598956962501,46.7454850952873,85.3610534328295,-174.007220361372
-164.017102641437,95.1292778918283,63.6590689909736,25.4326709733039,94.6686909538409,6.87044209702204,22.0708678999208,-133.187958613484,-40.8398168314194,-22.3734241989994,37.5864789123223,62.3373276176245,-40.2684787403173,25.2574013002687,38.2969755036921,-202.092596560625
-103.72544300889,-9.15366202639569,80.1688626448879,49.6793125534977,119.188504872949,5.34368712507165,32.1789281397118,-201.111512422678,-44.0136825557234,-60.8150207909082,49.8052386381895,84.9442631269375,69.1972490648207,6.76213452978288,-15.3901634922233,-72.3910703437761
-41.9058999594676,-110.144211849283,102.880640827038,65.4049214705353,101.702424476435,1.84762806190609,-13.4327816603741,-84.9124409125086,-52.4196188253942,-75.7782744581651,-24.8767273695409,42.6576072586518,88.9943038721349,12.9905524616174,23.8700566366801,182.510548696981
73.9310155331501,-246.72010458147,90.5274728204223,66.1204343647635,76.7464936631119,6.77535221793332,-3.82339879069447,3.61844569621303,-181.268565476536,-22.9187247814137,8.85465193052349,44.0154204939474,101.682844857989,25.1907791249419,37.0056866706279,290.884432371069
36.0925981788737,-172.913383699535,103.663004627859,79.827939504014,21.9433543732796,-10.1706176943122,-2.15986753948591,-79.511296587057,-215.450308550924,181.057677067118,52.2134185398951,-16.1792791247443,34.8293298398337,10.4628004372949,9.19171896298627,209.840113167116
-149.32320269039,44.5397789156415,112.798002511693,95.5204452735167,-19.6989010631057,-7.3312523781796,-23.8971814159225,-4.91034476362034,-73.879375551535,65.9828134866979,7.48126981421814,-84.2108766147495,-32.7668842597043,-10.361303659479,-6.48765729847742,142.729976875424
-118.995316634548,110.664209907149,12.6050368443397,29.9528349301701,-58.2726981440437,6.75215272406105,14.2843065563959,145.308326739785,34.338515348239,-101.295227126526,-6.75039920109595,-81.0446729463945,-26.1101092492749,-46.2262640934457,-37.6962155582296,6.65930835031952
3.50535895349625,73.1527617145356,-88.0988839689777,-15.9594095187147,-65.4838886704353,15.9801943919667,32.9460270219676,134.003507278299,38.6614070006141,-66.7657250445358,-4.82554309871996,-39.6664991543324,17.6014221433812,-53.4818881842437,-65.626135586382,-51.1665245576484
98.6642607128029,-2.54464923576404,-108.271737131896,-26.3952964458303,-67.2317040803906,9.1054526313586,12.618558859909,97.8731685602982,70.1971578102654,-54.8217151079753,-6.3121546749711,-7.73218384523706,25.4492809895879,-20.9111382644606,-44.1018311559719,-56.349237775079
168.662885516714,-35.2113171203033,-110.84004664108,-54.5672418569008,-95.2905854398842,-20.0721066863293,10.6256726512481,68.2049349119619,68.061776969105,-4.85156833103042,32.4925712023077,29.5029884917893,5.09692107971662,0.755674900196425,-14.5399205522215,-114.637579873673
155.075422386161,-67.1461648617583,-121.807912389216,-7.6995834444603,-51.6544966742665,-17.2940605030194,38.8684442252432,45.6034082620941,93.3019649611094,-4.06141553156289,-11.8322043141972,-8.16157593332671,-50.9931826751451,-12.0643017401663,-5.07129858998275,-80.6342808052327
150.694841469913,-37.1676058933199,-165.525330380936,-28.9301734547131,-30.6562910299928,0.635282906810968,60.2023887295389,56.2276616203004,112.035279302042,87.2478669407436,-87.9932513366397,-78.5471344812776,-116.144684921388,-30.3034963791189,7.21711381994572,-101.840338049816
190.092630904779,22.7357620559764,-184.620206373115,-155.674500184412,-64.4190651352457,9.83621534139417,85.8952127632173,44.0008665458308,85.33490910798,195.60590664049,-95.9541415483516,-83.4001273009624,-85.1644374526381,-24.1158045752986,15.086016736524,-168.720297515601
141.114479012134,-29.1521222852134,-81.2101470234463,-148.525236739956,-32.7833890385888,19.983203235426,124.791840913961,-5.65992708986732,68.2913288843617,152.9607294179,-90.6883837007488,-104.27567677094,-69.7391052973785,-23.2467192437039,6.25952529065506,-113.814790948183
70.6397157643409,25.6444500817115,-21.2394439382627,-150.446973047939,-41.3448230488514,14.4077757047978,145.41830716609,-103.595415801816,46.8435496771723,56.0299795984337,-21.6386713329655,-34.0312213212636,-10.3284985418808,12.1715788399065,12.5757840890483,6.45046122219733
52.5618259784489,-30.392638417388,38.3667254859888,-84.8315589859782,-34.2423719844063,25.0219608190475,123.597990089074,-192.896854177307,3.08017241968621,-5.320951256391,31.8952632906173,42.4768196700044,44.4784753889601,36.8382036786843,12.6779067681566,116.647727941517
6.68419925008152,-193.587493982879,120.093846377895,77.8009068856816,53.3768042209635,57.7518741908612,60.830377322917,-161.399149414794,-65.4695662697514,-103.894890700111,35.5612615855149,59.6588667646313,61.8101343713235,38.2896778635887,-23.7970031696726,167.435893565556
-4.64501229107412,-205.652210439292,131.378029110375,127.256633853637,76.4648225619276,28.1194256919454,-86.5325729155343,-30.6925734790295,-27.8669233056414,-102.820771797636,-8.03488142311915,55.0532810702521,56.4607513582099,33.0040577839005,-50.6176597556625,121.386797255347
-39.2007251414679,-137.262690519705,154.484587463042,138.310767418421,35.6430051703001,-31.1954881668148,-251.057369781699,161.776248380974,6.08310877505727,-52.5592130923419,-51.9206629044264,29.4639532387368,22.346659166261,15.7387719313475,15.0643201553462,33.5555428411267
-118.390800318058,-82.6923840256983,147.445139577828,122.667170528864,29.2389958052021,8.61787185050977,-140.459591751576,249.437244875168,-12.7733448834417,-198.062162564799,-105.070711048066,6.12686060062924,43.2702632330137,28.4278402889706,171.923856259969,-184.488725191432
-117.659480861397,-115.226328129739,109.800081139452,98.8871675835063,72.1975883219579,73.567447128368,101.509304501378,63.5209884227436,-90.8736347796614,-198.474261640101,-79.2251954916949,9.4030586561463,62.7126696836303,25.8279363207698,162.032984908118,-345.21552984109
-77.3093975891704,-56.3411677700736,52.427837336189,72.0129172352328,58.9914118715602,44.0455375204853,117.628150612222,-104.998544750477,-64.3615445991424,-74.1056127240407,10.1005085941249,37.0821136122689,50.2175951163152,-8.58988473161382,-28.6302853881862,-206.01501470084
-41.6767276238763,75.5050820611751,-21.9154311216762,7.80970007024594,3.01015060864604,-19.2914793196641,-8.73426652894857,-26.5925673367869,23.615593821209,-33.5352119563964,35.0223037641632,49.252700873204,33.836883654788,-18.8395010072597,-144.10590426154,35.8711174098316
-5.6841063532913,145.749810163331,-58.3209531429365,-46.7126213070979,-34.6022262746637,-54.0095281265267,-124.836283869,58.0712248217883,-68.18474180825,78.7671387185569,95.5093347573737,88.6832953546449,34.0780454958817,4.91134570089541,-122.27514705868,160.478025553221
-13.4769073757322,180.690848514113,-48.669770380132,-59.2149993429281,-53.877646233459,-61.9373086995479,-158.787229130299,37.4253873889144,-46.2502198739097,143.671557612962,81.2017571163399,75.7248087887873,7.12472831590628,10.4783574602268,-61.2327514699405,100.184472380495
24.138758236331,145.189040351863,-48.5161373431178,-73.868264332008,-48.3915459562776,-56.3289801961265,-111.582038475463,-63.5403929665811,98.9243564092168,89.5603559984164,68.5441343758642,55.2783015588016,-7.89794826734339,9.81765743835855,-51.3168814132605,-85.6333157512814
50.3001561246433,39.9657554919121,-23.8449217843317,-35.3757361704233,-2.33111366085171,-27.707342910971,-48.4351671782952,-190.923396683091,-42.3073258004905,200.060439691737,136.02005490418,63.0259667582209,-4.15605832936558,21.8602387402273,-53.4086224767138,-160.697821168724
-53.4746344377545,81.0645426692063,25.2028636722063,5.40909129145242,10.5325054083504,-33.4442114830863,-9.33384684678052,-179.560223386196,-249.144793012399,396.445889076099,131.566739641451,1.07772800388523,-55.2225593001232,-3.4258924950641,-58.29036015022,-0.840170335841435
-115.426834223203,141.373412488377,28.2972167060653,-3.88071517611266,7.48823465021307,-44.308261516348,-19.3509933401733,-31.479488409669,-218.004838522821,285.64686516428,18.4606342402437,-57.0699784706435,-85.3205120658215,-17.0779969391222,44.7015744086897,407.85198963565
-50.1753978048743,60.8486119320034,1.73904149018467,-13.1271277395639,27.1944272394056,-15.3025054819137,-32.6721748866773,41.1921800229253,-32.5740201678358,39.5284188805768,-119.231584112773,-103.644032377398,-80.4845200002881,1.05483941749344,156.542861690564,806.391270159461
2.37459816910855,23.2750350034234,-5.38360369710678,-49.2683177926723,3.73019340488258,-17.2707576154187,-0.705058601363966,87.1934346653377,194.718948902667,-34.8456389014737,-202.148827510686,-162.920443115365,-93.407520220797,-24.7095318257525,61.8981289547149,407.551142687276
-49.5431039723631,22.5761256179932,8.32887984339056,-35.2026039963478,12.5256237729653,5.07162554114942,57.9886893239704,168.485433892337,218.663044316899,-142.643653312654,-243.341116567752,-165.995497619609,-59.4766348406835,-10.1677182764375,40.0321203139226,16.7137212955555
-75.1015343734256,54.265877631992,-17.0269862989776,-18.1753944962263,15.349601296466,27.9990478243153,74.8024500895018,134.56138850288,256.515524410849,-332.381485739164,-197.648770586961,-107.5165161698,-2.94821819215485,28.4144916154158,94.2455088358179,16.6601391778146
-79.6095210502483,75.116474966043,-14.4285623322575,10.6893053448874,4.99546397622204,14.165341913246,54.8566028675697,16.0332409588863,239.876451012597,-262.597748627575,-101.433923305607,-47.1030501235634,7.66189682816764,8.99151079309986,51.5959679923776,-165.813368112433
-70.2929839952761,14.6929360999506,32.299462973334,87.4740359409057,14.2026364153436,-7.29808579619538,-45.7898885963618,-34.8958152795962,131.766723452412,-73.1612383765088,-28.5276713455847,-21.7005646168145,-8.7840209641269,-28.3228613101831,-16.7037620634713,-162.570325300445
13.7709163711948,-69.2177885316561,42.9188664207006,72.395535063401,-10.4464592543063,-21.7725651995153,-135.027035361428,113.056783940392,89.1701439803445,-67.6996011115223,25.1606252903377,-10.0424921402309,-3.24887909234955,-45.2519466724677,-97.1185759886832,-69.369819706387
83.1540161913817,-133.509427776902,21.1683656513565,32.9764714348239,-11.4540800745402,-7.0923893872412,-52.1845051858941,98.9222802780995,-13.4969758587433,-14.2727584043506,63.9459455296578,15.977305954664,-3.80449728390172,-48.0617738237264,-178.995425732723,40.1272773114633
106.856785508368,-165.425222371026,-3.12200875381272,27.8983604086639,15.3050737675528,17.8008186153922,44.423288304834,-26.5142247038338,-30.8756995337828,-28.3796672818134,66.5086524319587,54.9163875969746,5.52935205927184,-29.414534348003,-142.479550156916,15.0831323421635
111.835709066004,-130.577097568277,-28.5173707277928,3.97791695410559,16.7236891589261,20.254329251821,26.0389124632214,-33.50003620864,-36.9393654820946,-96.8267522623756,104.675146159191,94.0977291697581,54.4253316252162,3.5142771013408,4.87028300333276,-101.670397581324
157.507502957543,-123.330865836077,-59.3217599163947,-19.9915388534064,-2.47005892800307,19.1124456867619,27.1635889707874,-98.8965459602226,-44.5822081818972,-36.8771207103172,159.09217537975,96.0128477177341,68.5155708634304,-5.61366263039708,81.870098591258,-221.326614091408
178.274943863783,-160.187864551093,-55.1331762430574,-30.6761729746659,-10.1273551336391,36.0124968398091,89.0333841926257,-118.555886040922,-90.4976425300501,23.7450696828531,151.21761048659,77.3537698079138,64.3372687752015,-6.90322430378264,58.1458608770277,-282.505353573373
153.46112820211,-149.982260674252,-57.4863642123638,-36.5788144768914,-7.41103461171958,39.276229037127,134.596351431645,-57.5522257969049,-142.100770136671,50.7331131601562,109.162356257427,41.6360004813676,46.4391172770815,-1.7648471943433,13.4700862432121,-212.021429082189
93.74557424993,-84.7690920751143,-86.9809039306128,-51.7262592433483,-5.63658200348778,46.7596626138625,183.03688319641,79.1638294404322,-136.624221319801,-22.1771574627235,36.2949139031284,-9.3535418415421,14.844592657369,-6.56991836328984,13.7958523304873,-171.325061196937
-5.41924381711703,29.1275730674836,-85.4379967003522,-49.1887059420793,-7.46138574447937,46.2000662864535,191.389660251422,85.2650464203998,-164.661419275411,7.72070160786137,32.0156444239828,-4.54808154334495,-12.9905199522896,-16.1837050134033,3.97081422209931,-257.557099704021
-34.3955141690109,77.0386935511017,-64.9235087172094,-33.7910711985533,1.09585838806914,31.5868169423121,130.767921495232,-44.8520047624306,-147.928027867872,64.2214098339111,75.7016945377019,31.3742493988817,-0.529251251241504,-9.97666435290003,-13.1169488360813,-194.441163732677
-18.4768184601422,94.9134554626094,-45.5266578020378,-30.5051911063245,-0.762861757427487,-5.24318839308965,20.940546744883,-108.065594260634,-41.9046960072414,61.0050896179538,58.3992557295584,30.2766855261438,7.81718042436023,7.20415939079408,-35.039146344889,148.439703148959
-17.9045073826849,130.894437867572,-40.5170182629518,-29.9574736677026,-13.9162882592731,-41.4443424478323,-99.9321943408328,-43.6875820946777,85.7516912132701,14.7072205461304,3.05836170697921,-0.679352809064824,-15.7764136538797,27.5153001805957,-12.911994677815,347.089658392997
-51.7701346442159,169.321684615888,-23.4405937205716,-25.450000942265,-25.9560974981757,-61.8983762033193,-170.160361756402,57.9170100989361,180.170651470873,-36.3882445213435,-53.6671801584354,-38.9816880810776,-57.3555066926496,20.7650611877171,-45.5728687844708,448.429225229099
-78.1759950321839,162.035966709624,3.13770998984448,-11.5687170937423,-16.4140793273963,-59.2165740469227,-122.627805895802,-0.938194096162135,193.812940897077,8.62997537982494,-46.6135123506969,-47.1012037730855,-85.7443062759897,-17.5078924581166,-92.7617288585878,241.790175888087
